Title,Date
"The Lord of the Rings: The Fellowship of the Ring","5/29/26"
"Before Granny Gets Us","5/29/26"
"The LEGO Movie 2: The Second Part","5/29/26"
"The Lego Movie","5/29/26"
"Goat","5/29/26"
"Qorin 2","5/29/26"
"The Croods: A New Age","5/28/26"
"Storks","5/28/26"
"Kung Fu Panda","5/28/26"
"Anaconda","5/28/26"
"Kung Fu Panda 2","5/28/26"
"The Mitchells vs. The Machines","5/27/26"
"Snowball Earth: Beyond the Madness","5/27/26"
"Snowball Earth: Good Job!","5/27/26"
"Teen Titans Go!: Season 2: Sandwich Thief / Money Grandma","5/27/26"
"Teen Titans Go!: Season 2: Caramel Apples / Halloween","5/27/26"
"Teen Titans Go!: Season 2: Love Monsters / Baby Hands","5/27/26"
"Teen Titans Go!: Season 2: Salty Codgers / Knowledge","5/27/26"
"Teen Titans Go!: Season 2: Brian / Nature","5/27/26"
"Teen Titans Go!: Season 2: Pirates / I See You","5/27/26"
"Teen Titans Go!: Season 2: Mr. Butt / Man Person","5/27/26"
"Teen Titans Go!: Season 1: Real Magic / Puppets Whaaaaat?","5/27/26"
"Teen Titans Go!: Season 1: Dreams / Grandma Voice","5/27/26"
"Teen Titans Go!: Season 1: Uncle Jokes / Mas y Menos","5/27/26"
"Teen Titans Go!: Season 1: Little Buddies / Missing","5/27/26"
"Teen Titans Go!: Season 1: Brain Food / In and Out","5/27/26"
"Teen Titans Go!: Season 1: Birds / Be Mine","5/27/26"
"Teen Titans Go!: Season 1: Waffles / Opposites","5/27/26"
"Rampage","5/26/26"
"Omukade","5/26/26"
"Maze Runner: Death Cure","5/26/26"
"SPY x FAMILY: Season 1: The Unshaken Path","5/26/26"
"SPY x FAMILY: Season 1: Underground Tennis Tournament Campbelldon","5/26/26"
"SPY x FAMILY: Season 1: Nightfall/Jealousy for the First Time","5/26/26"
"SPY x FAMILY: Season 1: Investigate the General Hospital/Decipher the Arcane Ciphers","5/26/26"
"SPY x FAMILY: Season 1: The Revenge Plot Against Desmond/The Mother Becomes the Wind","5/26/26"
"SPY x FAMILY: Season 1: The Home Tutor Uncle/Daybreak","5/26/26"
"SPY x FAMILY: Season 1: Commence Operation Griffon/Fullmetal Lady/Omelette Rice♡","5/26/26"
"SPY x FAMILY: Season 1: First Contact","5/26/26"
"Teen Titans Go!: Season 1: Legs / Breakfast Cheese","5/26/26"
"Teen Titans Go!: Season 1: Starfire the Terrible / Second Christmas","5/26/26"
"Teen Titans Go!: Season 1: Caged Tiger / Nose Mouth","5/26/26"
"Teen Titans Go!: Season 1: No Power / Sidekick","5/26/26"
"Teen Titans Go!: Season 1: Power Moves / Staring at the Future","5/26/26"
"Teen Titans Go!: Season 1: Books / Lazy Sunday","5/26/26"
"Teen Titans Go!: Season 1: Colors of Raven / The Left Leg","5/26/26"
"Teen Titans Go!: Season 1: Burger vs. Burrito / Matched","5/26/26"
"Teen Titans Go!: Season 1: Terra-ized / Artful Dodgers","5/26/26"
"Teen Titans Go!: Season 1: Meatball Party / Staff Meeting","5/26/26"
"Teen Titans Go!: Season 1: Parasite / Starliar","5/26/26"
"Teen Titans Go!: Season 1: Super Robin / Tower of Power","5/26/26"
"Teen Titans Go!: Season 1: Girls' Night Out / You're Fired","5/26/26"
"Alpha","5/24/26"
"Okja","5/24/26"
"The Crash","5/24/26"
"Spy x Family Code: White","5/24/26"
"SPY x FAMILY: Season 1: Mother and Wife/Friends and Groceries","5/24/26"
"Heaven Official's Blessing: Season 2: Episode 1","5/24/26"
"Rurouni Kenshin: Origins","5/24/26"
"Rurouni Kenshin: -Kyoto Disturbance-: To Kyoto","5/24/26"
"Sword of the Demon Hunter: Kijin Gentosho: Episode 1","5/24/26"
"Mechanical Marie: Episode 2","5/24/26"
"Mechanical Marie: Episode 1","5/24/26"
"Wistoria: Wand and Sword: Season 2: He Said He Would No Longer Hang His Head","5/24/26"
"Wistoria: Wand and Sword: Season 2: The First Bloom","5/24/26"
"The Book of Life","5/24/26"
"Teen Titans Go!: Season 1: Hey Pizza! / Gorilla","5/23/26"
"Teen Titans Go!: Season 1: Ghost Boy / La Larva de Amor","5/23/26"
"Teen Titans Go!: Season 1: Dude Relax! / Laundry Day","5/23/26"
"Teen Titans Go!: Season 1: Double Trouble / The Date","5/23/26"
"Teen Titans Go!: Season 1: Driver's Ed / Dog Hand","5/23/26"
"Teen Titans Go!: Season 1: Legendary Sandwich / Pie Bros","5/23/26"
"The Ramparts of Ice: On Equal Footing","5/23/26"
"The Curse of Bridge Hollow","5/22/26"
"Over the Hedge","5/22/26"
"Trip Ubusan: The Lolas vs Zombies","5/22/26"
"Mama","5/22/26"
"Kuncen","5/22/26"
"Village of the Dead","5/22/26"
"Klaus","5/22/26"
"Swapped","5/22/26"
"Ferdinand","5/21/26"
"Comic 8 Revolution: Santet K4bin3t","5/21/26"
"The School for Good and Evil","5/21/26"
"Into the Storm","5/20/26"
"The Wild Robot","5/19/26"
"SPY x FAMILY: Season 2: The Fearsome Luxury Cruise Ship","5/19/26"
"SPY x FAMILY: Season 2: Plan to Cross the Border","5/19/26"
"The WONDERfools: Limited Series: Every Life Comes With a Surprise Twist","5/19/26"
"Red Notice","5/19/26"
"The Cuphead Show!: Season 1: Roll the Dice","5/19/26"
"Timur","5/19/26"
"Lou","5/19/26"
"Scarlet","5/18/26"
"SPY x FAMILY: Season 2: The Pastry of Knowledge / The Informant's Great Romance Plan II","5/18/26"
"SPY x FAMILY: Season 2: Mission and Family / The Elegant Bondman / The Heart of a Child / Waking Up","5/18/26"
"SPY x FAMILY: Season 2: Bond's Strategy to Stay Alive / Damian's Field Research Trip","5/18/26"
"SPY x FAMILY: Season 2: Follow Mama and Papa","5/18/26"
"SPY x FAMILY: Season 1: Yor's Kitchen/The Great Romance Scheme for the Informant","5/18/26"
"SPY x FAMILY: Season 1: A New Family Member","5/18/26"
"SPY x FAMILY: Season 1: Disarm the Time Bomb","5/18/26"
"Leo","5/17/26"
"The Worst Witch: Season 1: Spelling Bee","5/17/26"
"The Amazing Digital Circus: Beach Episode","5/16/26"
"The Amazing Digital Circus: They All Get Guns","5/16/26"
"SPY x FAMILY: Season 1: Project Apple","5/16/26"
"SPY x FAMILY: Season 1: Penguin Park","5/16/26"
"SPY x FAMILY: Season 1: Stella","5/16/26"
"Wistoria: Wand and Sword: Season 2: The Day of Departure","5/16/26"
"The Ramparts of Ice: Loneliness and Solitude","5/16/26"
"Spider-Man: Into the Spider-Verse","5/16/26"
"Next Gen","5/16/26"
"Slumberland","5/16/26"
"Spider-Man: Across the Spider-Verse","5/16/26"
"Hangout","5/15/26"
"Gunung Kawi","5/15/26"
"Hello Ghost","5/15/26"
"Grizzy and the Lemmings: Season 3: La Légende Des 7 Lemmings","5/15/26"
"Grizzy and the Lemmings: Season 3: Ennemis Pacifiques","5/15/26"
"Grizzy and the Lemmings: Season 3: Shaolin Domestique","5/15/26"
"Grizzy and the Lemmings: Season 3: Médecine pas douce","5/15/26"
"Grizzy and the Lemmings: Season 3: Fortune Lemming","5/15/26"
"Grizzy and the Lemmings: Season 1: Moonwalk Bear","5/15/26"
"Nightbooks","5/15/26"
"The Boss Baby","5/15/26"
"Despicable Me 4","5/15/26"
"Minions & More Volume 1","5/15/26"
"Diary of a Wimpy Kid: Dog Days","5/14/26"
"Pan","5/14/26"
"Over the Moon","5/14/26"
"Vivo","5/14/26"
"I Am Legend","5/14/26"
"Sekawan Limo","5/13/26"
"Woody Woodpecker Goes to Camp","5/13/26"
"Oddballs: Season 2: Toasty's Goodbye","5/13/26"
"Oddballs: Season 2: Mayor Max","5/13/26"
"Oddballs: Season 2: Moral Report","5/13/26"
"Madea’s Destination Wedding","5/13/26"
"Oddballs: Season 2: The Class Act","5/12/26"
"Oddballs: Season 2: Body Swap","5/12/26"
"Oddballs: Season 2: School Poolers","5/12/26"
"Oddballs: Season 2: Partners","5/12/26"
"Oddballs: Season 2: The Show Mustn't Go On","5/12/26"
"Oddballs: Season 1: Nugget Nonsense","5/12/26"
"Oddballs: Season 1: Almost Home Alone","5/12/26"
"Oddballs: Season 1: Blood Excuse","5/12/26"
"Oddballs: Season 1: Grandma's Boy","5/12/26"
"Oddballs: Season 1: Pillow Fight Club","5/12/26"
"Oddballs: Season 1: Behind Frenemy Lines","5/12/26"
"Oddballs: Season 1: Emo like the Wolfstank","5/12/26"
"Oddballs: Season 1: Boy with 2 Brains","5/12/26"
"Oddballs: Season 1: Line Cutters","5/12/26"
"Diary of a Wimpy Kid","5/12/26"
"The Cloverfield Paradox","5/12/26"
"Project Power","5/12/26"
"The Electric State","5/12/26"
"Here Comes the Boom","5/11/26"
"7 Bears: Limited Series: Cinderella's Quiceanbeara / Puss' N Bears","5/11/26"
"7 Bears: Limited Series: The Bear Prince / The Ugly Guardling","5/11/26"
"7 Bears: Limited Series: Bears Vs. Dwarfs / The Bear in the Magic Lamp","5/11/26"
"7 Bears: Limited Series: The Pied Butt Scratcher / Princess & The Pea-tato","5/11/26"
"7 Bears: Limited Series: The Big, Bad Favor / Basket Case","5/11/26"
"Sixth Sense Agency: Episode 19","5/11/26"
"Hantu Kak Limah","5/11/26"
"Seal Team","5/11/26"
"Twisters","5/11/26"
"STAND BY ME Doraemon","5/11/26"
"Trap","5/11/26"
"Fight Back to School","5/10/26"
"Hotel Transylvania 2","5/10/26"
"Flipper","5/10/26"
"Troll","5/10/26"
"Last Hero in China","5/10/26"
"Forbidden City Cop","5/10/26"
"The Peanuts Movie","5/9/26"
"It Takes Two","5/9/26"
"The Sea Beast","5/9/26"
"Dandelion: Those Who Laugh At Pudding Will Cry Over Pudding","5/9/26"
"The Ramparts of Ice: New Semester","5/9/26"
"Fruits Basket: 1st season: See You When You Get Back","5/9/26"
"50 First Dates","5/9/26"
"Duck Duck Goose","5/8/26"
"Migration","5/8/26"
"The Thundermans: Breaking Dad","5/8/26"
"The Thundermans: Up, Up, and Vacay!","5/8/26"
"The Thundermans: Paging Dr. Thunderman","5/8/26"
"The Thundermans: Pretty Little Choirs","5/8/26"
"The Thundermans: Nothing to Lose Sleepover","5/8/26"
"The Thundermans: Have an Ice Birthday","5/8/26"
"The Thundermans: Phoebe's a Clone Now","5/8/26"
"The Thundermans: Thundersense","5/8/26"
"The Thundermans: Restaurant Crashers","5/8/26"
"The Thundermans: Going Wonkers","5/8/26"
"The Thundermans: Crime After Crime","5/7/26"
"The Thundermans: Weird Science Fair","5/7/26"
"The Thundermans: You Stole My Thunder, Man","5/7/26"
"The Thundermans: Weekend Guest","5/7/26"
"The Thundermans: This Looks Like a Job For","5/7/26"
"The Thundermans: Ditch Day","5/7/26"
"The Thundermans: Report Card","5/7/26"
"The Thundermans: Dinner Party","5/7/26"
"The Thundermans: Phoebe vs. Max","5/7/26"
"The Thundermans: Adventures in Supersitting","5/7/26"
"YES DAY","5/7/26"
"The Ridiculous 6","5/7/26"
"I'm Getting Married to a Girl I Hate in My Class: A New Life","5/6/26"
"Fruits Basket: 1st season: Spring Comes","5/6/26"
"Fruits Basket: 1st season: Perhaps We Should Invite Ourselves Over","5/6/26"
"Fruits Basket: 1st season: I’ve Been Fooling Myself","5/6/26"
"Fruits Basket: 1st season: What Year Is She?","5/6/26"
"Extinct","5/6/26"
"Fruits Basket: 1st season: Let’s Play Rich Man-Poor Man!","5/5/26"
"Fruits Basket: 1st season: They’re All Animals!","5/5/26"
"Fruits Basket: 1st season: See You After School","5/5/26"
"The Beginning After the End: Episode 6","5/5/26"
"The Beginning After the End: Episode 5","5/5/26"
"The Beginning After the End: Episode 4","5/5/26"
"The Beginning After the End: Episode 3","5/5/26"
"The Beginning After the End: Episode 2","5/5/26"
"The Beginning After the End: Episode 1","5/5/26"
"Bee Movie","5/5/26"
"Sam & Cat: #MagicATM","5/4/26"
"Sam & Cat: #Lumpatious","5/4/26"
"My Hero Academia: Final Season: More","5/4/26"
"Wistoria: Wand and Sword: Season 2: And the Story Begins","5/4/26"
"The Ramparts of Ice: Change","5/4/26"
"The Fall Guy","5/4/26"
"Rim of the World","5/4/26"
"Extinction","5/2/26"
"Abigail","5/2/26"
"Miss Peregrine's Home for Peculiar Children","5/2/26"
"The Croods","5/1/26"
"The SpongeBob Movie: Sponge Out of Water","5/1/26"
"Miraculous: Tales of Ladybug & Cat Noir: Season 1: Ladybug & Cat Noir: Origins: Pt. 1","5/1/26"
"Miraculous: Tales of Ladybug & Cat Noir: Season 1: Princess Fragrance","5/1/26"
"Miraculous: Tales of Ladybug & Cat Noir: Season 1: The Mime","5/1/26"
"Robots","5/1/26"
"Clifford the Big Red Dog","4/30/26"
"Sam & Cat: #YayDay","4/30/26"
"Sam & Cat: #MadAboutShoe","4/30/26"
"Sam & Cat: #PeezyB","4/30/26"
"Sam & Cat: #MyPoober","4/30/26"
"Sam & Cat: #SalmonCat","4/30/26"
"The Amazing World of Gumball: Season 2: The World/The Finale","4/30/26"
"The Amazing World of Gumball: Season 2: The Internet/The Plan","4/30/26"
"The Amazing World of Gumball: Season 2: The Tape/The Sweaters","4/30/26"
"The Amazing World of Gumball: Season 2: The Boombox/The Castle","4/30/26"
"The Amazing World of Gumball: Season 2: The Promise/The Voice","4/30/26"
"The Amazing World of Gumball: Season 2: The Limit/The Game","4/30/26"
"The Amazing World of Gumball: Season 2: The Tag/The Lesson","4/30/26"
"The Amazing World of Gumball: Season 2: The Hero/The Photo","4/30/26"
"The Amazing World of Gumball: Season 2: The Dream/The Sidekick","4/30/26"
"The Amazing World of Gumball: Season 2: The Pony/The Storm","4/30/26"
"The Amazing World of Gumball: Season 2: The Authority/The Virus","4/30/26"
"The Amazing World of Gumball: Season 2: The Bumpkin/The Flakers","4/30/26"
"The Amazing World of Gumball: Season 2: The Watch/The Bet","4/30/26"
"The Amazing World of Gumball: Season 2: The Skull/Christmas","4/30/26"
"The Amazing World of Gumball: Season 2: The Words/The Apology","4/30/26"
"The Amazing World of Gumball: Season 2: Halloween/The Treasure","4/30/26"
"The Amazing World of Gumball: Season 2: The Phone/The Job","4/30/26"
"The Amazing World of Gumball: Season 2: The Flower/The Banana","4/30/26"
"The Amazing World of Gumball: Season 2: The Fridge/The Remote","4/30/26"
"The Amazing World of Gumball: Season 2: The Knights/The Colossus","4/30/26"
"The Amazing World of Gumball: Season 1: The End/The DVD","4/30/26"
"The Amazing World of Gumball: Season 1: The Helmet/The Fight","4/30/26"
"The Amazing World of Gumball: Season 1: The Microwave/The Meddler","4/30/26"
"The Amazing World of Gumball: Season 1: The Car/The Curse","4/30/26"
"The Amazing World of Gumball: Season 1: The Quest/The Spoon","4/30/26"
"The Amazing World of Gumball: Season 1: The Ape/The Poltergeist","4/30/26"
"The Amazing World of Gumball: Season 1: The Club/The Wand","4/29/26"
"The Amazing World of Gumball: Season 1: The Mustache/The Date","4/29/26"
"The Amazing World of Gumball: Season 1: The Sock/The Genius","4/29/26"
"The Amazing World of Gumball: Season 1: The Goons/The Secret","4/29/26"
"The Amazing World of Gumball: Season 1: The Robot/The Picnic","4/29/26"
"The Silence","4/29/26"
"Grown Ups","4/29/26"
"Ron's Gone Wrong","4/29/26"
"Shark Tale","4/29/26"
"Anaconda","4/29/26"
"Thrash","4/29/26"
"The Ramparts of Ice: Impenetrable","4/29/26"
"The Ramparts of Ice: 3+(←)1","4/29/26"
"Snowball Earth: The Kaiju Tamer and the Can of Pineapple","4/29/26"
"Wistoria: Wand and Sword: Season 2: One Single Magic Spell","4/29/26"
"Godzilla Minus One","4/29/26"
"War Machine","4/29/26"
"28 Years Later: The Bone Temple","4/29/26"
"Sam & Cat: #Twinfection","4/28/26"
"Sam & Cat: #OscarTheOuch","4/28/26"
"Sam & Cat: #DollSitting","4/28/26"
"Sam & Cat: #SecretSafe","4/28/26"
"Sam & Cat: #BabysittingCommercial","4/28/26"
"Sam & Cat: #MommaGoomer","4/28/26"
"IF","4/28/26"
"The Truman Show","4/28/26"
"The Amazing World of Gumball: Season 1: The Party/The Refund","4/25/26"
"The Amazing World of Gumball: Season 1: The Gi/The Kiss","4/25/26"
"The Amazing World of Gumball: Season 1: The Mystery/The Prank","4/25/26"
"The Amazing World of Gumball: Season 1: The Laziest/The Ghost","4/25/26"
"The Amazing World of Gumball: Season 1: The Responsible/The Dress","4/24/26"
"The Amazing World of Gumball: Season 1: The Pressure/The Painting","4/24/26"
"A Chinese Odyssey Part Two: Cinderella","4/24/26"
"A Chinese Odyssey (Part I)","4/24/26"
"Kang Solah From Kang Mak x Nenek Gayung","4/24/26"
"The Disastrous Life of Saiki K.: Season 1: Episode 3","4/24/26"
"The Disastrous Life of Saiki K.: Season 1: Episode 2","4/24/26"
"The Disastrous Life of Saiki K.: Season 1: Episode 1","4/24/26"
"Rabbids Invasion Special: Mission to Mars","4/23/26"
"Dr. Seuss' The Lorax","4/23/26"
"Wistoria: Wand and Sword: Season 2: The Party From Hell Begins","4/22/26"
"Snowball Earth: My First Friend","4/22/26"
"Thelma the Unicorn","4/22/26"
"Teen Titans Go!: Season 5: The Great Disaster / The Viewers Decide","4/21/26"
"Teen Titans Go!: Season 5: Girls Night In: Pt. 1 / Girls Night In: Pt. 2","4/21/26"
"Teen Titans Go!: Season 5: Strength of a Grown Man / Had to Be There","4/21/26"
"Teen Titans Go!: Season 5: Communicate Openly / Royal Jelly","4/21/26"
"Teen Titans Go!: Season 5: Campfire! / What We Learned At Camp","4/21/26"
"Teen Titans Go!: Season 5: The Bergerac / Snot and Tears","4/21/26"
"Teen Titans Go!: Season 5: What's Opera, Titans? / Forest Pirates","4/21/26"
"Teen Titans Go!: Season 5: Teen Titans Vroom: Pt. 1 / Teen Titans Vroom: Pt. 2","4/21/26"
"Teen Titans Go!: Season 5: TV Knight 4 / Teen Titans Roar","4/21/26"
"Teen Titans Go!: Season 5: Don't Be An Icarus / Booty Eggs","4/21/26"
"Teen Titans Go!: Season 5: Collect Them All / Cartoon Feud","4/21/26"
"Teen Titans Go!: Season 5: Lil' Dimples / Stockton, CA!","4/21/26"
"Gachiakuta: The City of Graffiti","4/21/26"
"Gachiakuta: Moving Forward","4/21/26"
"Gachiakuta: A Score To Settle","4/21/26"
"Gachiakuta: One Good Strike!!","4/21/26"
"Marmaduke","4/21/26"
"180","4/21/26"
"In Your Dreams","4/21/26"
"Wish Dragon","4/20/26"
"Teen Titans Go!: Season 5: Curse of the Booty Scooty / Them Soviet Boys","4/20/26"
"A Babysitter's Guide to Monster Hunting","4/20/26"
"Toaster","4/20/26"
"A Quiet Place: Day One","4/20/26"
"Ta Khon: The Cursed Mask​​","4/20/26"
"Singsot","4/20/26"
"Night at the Museum: Secret of the Tomb","4/19/26"
"Pamali: The Little Devil","4/19/26"
"Haunting of Mount Gede","4/19/26"
"Despicable Me 2","4/19/26"
"Despicable Me","4/19/26"
"A Gorilla Story: Told by David Attenborough","4/18/26"
"Night at the Museum","4/18/26"
"Banglo Seksyen 12","4/18/26"
"Syif Malam","4/18/26"
"Father's Haunted House","4/18/26"
"Disaster Holiday","4/18/26"
"Exterritorial","4/18/26"
"The Wrong Paris","4/17/26"
"Officer Black Belt","4/17/26"
"We Have a Ghost","4/17/26"
"Mertua Ngeri Kali","4/17/26"
"SPY x FAMILY: Season 1: The Great Dodgeball Plan","4/16/26"
"Teen Titans Go!: Season 5: Metric System vs. Freedom / The Chaff","4/16/26"
"Teen Titans Go!: Season 5: Slapping Butts and Celebrating for No Reason / I Used To Be a Peoples","4/15/26"
"Teen Titans Go!: Season 5: Nostalgia Is Not a Substitute for an Actual Story / Business Ethics Wink Wink","4/15/26"
"Firebreak","4/15/26"
"SPY x FAMILY: Season 1: Show Off How in Love You Are","4/15/26"
"SPY x FAMILY: Season 1: The Counter-Secret Police Cover Operation","4/15/26"
"The Man from Toronto","4/15/26"
"The Great Flood","4/15/26"
"Teen Titans Go!: Season 5: How's This for a Special? Spaaaace: Part 1 / How's This for a Special? Spaaaace: Part 2","4/14/26"
"Teen Titans Go!: Season 5: BBRBDAY / Tall Titan Tales","4/14/26"
"7 Bears: Limited Series: Bearsel & Gretel / Jack & the Bearstalk","4/14/26"
"7 Bears: Limited Series: Bearpunzel / Princilocks and the Seven Bears","4/14/26"
"Teen Titans Go!: Season 5: Justice League's Next Top Talent Idol Star: Second Greatest Team Edition: Parts 1 & 2","4/14/26"
"Teen Titans Go!: Season 5: The Real Orangins! / Monster Squad!","4/14/26"
"Teen Titans Go!: Season 5: The Power of Shrimps / My Name is Jose","4/14/26"
"Teen Titans Go!: Season 5: Little Elvis / The Groover","4/14/26"
"Teen Titans Go!: Season 5: The Fight / Genie President","4/14/26"
"Teen Titans Go!: Season 5: Tower Renovation / Quantum Fun","4/14/26"
"Teen Titans Go!: Season 5: Kabooms: Pt 1 / Kabooms: Pt. 2","4/14/26"
"Teen Titans Go!: Season 5: The Scoop / Chicken in the Cradle","4/14/26"
"SPY x FAMILY: Season 1: Target: The Second Son","4/14/26"
"SPY x FAMILY: Season 1: The Friendship Scheme","4/14/26"
"SPY x FAMILY: Season 1: Pass or Fail?","4/14/26"
"Teen Titans Go!: Season 4: Flashback: Part 1 / Flashback: Part 2","4/14/26"
"Jay Kelly","4/14/26"
"Against The Ice","4/14/26"
"Holiday in the Wild","4/14/26"
"True Spirit","4/14/26"
"7 Bears: Limited Series: Stumblebumpskin / The Perfect Toast","4/13/26"
"7 Bears: Limited Series: The Dancing Potion / The Potato Touch","4/13/26"
"7 Bears: Limited Series: Snow White and the Seven Bears / The Seven Bears Not Dwarfs","4/13/26"
"Sixth Sense Agency: Episode 18","4/13/26"
"Sixth Sense Agency: Episode 17","4/13/26"
"SPY x FAMILY: Season 1: An Interview at a Prestigious School","4/13/26"
"SPY x FAMILY: Season 1: Prepare for the Entrance Exam","4/13/26"
"SPY x FAMILY: Season 1: Secure a Wife","4/13/26"
"SPY x FAMILY: Season 1: Operation Strix","4/13/26"
"SPY x FAMILY: Season 3: A World Where We Cannot Survive","4/13/26"
"SPY x FAMILY: Season 3: Extreme Level 3 Situation","4/13/26"
"Teen Titans Go!: Season 4: TV Knight 3 / Bro-pocalypse","4/13/26"
"The Union","4/13/26"
"Beauty and the Beat","4/13/26"
"Oddballs: Season 1: Wanted Dead or a Fly","4/12/26"
"Oddballs: Season 1: Breaking and Entering","4/12/26"
"Sixth Sense Agency: Episode 16","4/12/26"
"Sixth Sense Agency: Episode 15","4/12/26"
"Sue-On","4/12/26"
"Teen Titans Go!: Season 4: Mo’ Money Mo’ Problems / Beast Girl","4/12/26"
"Teen Titans Go!: Season 4: BBCYFSHIPBDAY / Thanksgetting","4/12/26"
"Teen Titans Go!: Season 4: The Self-Indulgent 200th Episode Spectacular!: Part 1 / The Self-Indulgent 200th Episode Spectacular!: Part 2","4/12/26"
"Teen Titans Go!: Season 4: Costume Contest / Demon Prom","4/12/26"
"Teen Titans Go!: Season 4: The Academy / Throne of Bones","4/12/26"
"Wistoria: Wand and Sword: Season 2: Barrier Day","4/12/26"
"SPY x FAMILY: Season 3: Austin's Troubles / A Normal Mixer / Moon Landing","4/12/26"
"The Call of the Wild","4/12/26"
"Sixth Sense Agency: Episode 14","4/11/26"
"Teen Titans Go!: Season 4: Career Day / TV Knight 2","4/11/26"
"Teen Titans Go!: Season 4: Labor Day / Ones and Zeroes","4/11/26"
"SPY x FAMILY: Season 3: Anya's Era Has Come","4/11/26"
"SPY x FAMILY: Season 3: Take Down the Busjacker","4/11/26"
"SPY x FAMILY: Season 3: The Red Circus","4/11/26"
"SPY x FAMILY: Season 3: White Jealousy / The Eden College Busjacking Incident","4/11/26"
"SPY x FAMILY: Season 3: The Mommy-Friends Scheme","4/11/26"
"SPY x FAMILY: Season 3: Behind the Scandal / The Path to an Imperial Scholar","4/11/26"
"SPY x FAMILY: Season 3: ■■■■'s Memories II","4/11/26"
"Secrets of the Silent Witch: A Jealous Noblewoman","4/11/26"
"Snowball Earth: Encounters","4/11/26"
"Sixth Sense Agency: Episode 13","4/10/26"
"Sixth Sense Agency: Episode 12","4/10/26"
"Teen Titans Go!: Season 4: Justice League's Next Top Talent Idol Star: Part 1 / Justice League's Next Top Talent Idol Star: Part 2","4/10/26"
"Teen Titans Go!: Season 4: Lication / Classic Titans","4/10/26"
"Teen Titans Go!: Season 4: Brain Percentages / BL4Z3","4/10/26"
"Teen Titans Go!: Season 4: Jinxed / Hot Salad Water","4/10/26"
"Teen Titans Go!: Season 4: Chapter 3: NBTS Special / Chapter 4: NBTS Special","4/10/26"
"Ace Ventura: When Nature Calls","4/10/26"
"Teen Titans Go!: Season 4: Chapter 1: NBTS Special / Chapter 2: NBTS Special","4/10/26"
"Teen Titans Go!: Season 4: Employee of the Month Redux / Orangins","4/10/26"
"Teen Titans Go!: Season 4: The Avogodo / Hand Zombie","4/10/26"
"Teen Titans Go!: Season 4: Master Detective / Easter Creeps","4/10/26"
"Chiikawa: Episode 8","4/10/26"
"The Ramparts of Ice: Locksmith","4/10/26"
"Snowball Earth: The Savior Who Could Not Bring Salvation","4/10/26"
"The Amazing Digital Circus: Untitled","4/10/26"
"The Amazing Digital Circus: Fast Food Masquerade","4/10/26"
"The Amazing Digital Circus: The Mystery of Mildenhall Manor","4/10/26"
"The Amazing Digital Circus: Candy Carrier Chaos!","4/9/26"
"The Amazing Digital Circus: Pilot","4/9/26"
"Sixth Sense Agency: Episode 11","4/9/26"
"Sixth Sense Agency: Episode 10","4/9/26"
"Claws","4/9/26"
"WITCH WATCH: Witch’s Return","4/9/26"
"Chiikawa: Episode 7","4/9/26"
"Chiikawa: Episode 6","4/9/26"
"Chiikawa: Episode 5","4/9/26"
"Chiikawa: Episode 4","4/9/26"
"Chiikawa: Episode 3","4/9/26"
"Chiikawa: Episode 2","4/9/26"
"Teen Titans Go!: Season 4: Titan Saving Time / The Gold Standard","4/9/26"
"revisions: Hero Complex","4/9/26"
"revisions: Shibuya Transported","4/9/26"
"65","4/9/26"
"Windfall","4/9/26"
"Mudborn","4/9/26"
"The Swarm","4/9/26"
"Intrusion","4/9/26"
"Teen Titans Go!: Season 4: BBRAE: Part 1 / BBRAE: Part 2","4/9/26"
"Teen Titans Go!: Season 4: Movie Night / Permanent Record","4/8/26"
"Teen Titans Go!: Season 4: The Streak: Part 1 / The Streak: Part 2","4/8/26"
"Teen Titans Go!: Season 4: Teen Titans Save Christmas / The Inner Beauty of a Cactus","4/8/26"
"The Bad Guys: The Series: Season 1: Bad Beginnings","4/8/26"
"Sixth Sense Agency: Episode 9","4/8/26"
"Teen Titans Go!: Season 4: TV Knight  / BBSFBDay","4/8/26"
"Teen Titans Go!: Season 4: Booby Trap House / Fish Water","4/8/26"
"Teen Titans Go!: Season 4: Shrimps and Prime Rib / Halloween v Christmas","4/8/26"
"Teen Titans Go!: Season 3: Crazy Desire Island / The Cape","4/8/26"
"Teen Titans Go!: Season 3: The Overbite / The Titans Show","4/8/26"
"Teen Titans Go!: Season 3: Open Door Policy / Pure Protein","4/8/26"
"Teen Titans Go!: Season 3: Riding the Dragon / Coconut Cream Pie","4/8/26"
"Teen Titans Go!: Season 3: Snuggle Time / Oh Yeah!","4/8/26"
"Marriagetoxin: The Poison Master's Search for a Bride","4/8/26"
"Teen Titans Go!: Season 3: Who’s Laughing Now / Oregon Trail","4/8/26"
"Teen Titans Go!: Season 3: Operation Dude Rescue: Part 1 / Operation Dude Rescue: Part 2","4/8/26"
"Teen Titans Go!: Season 3: Think About Your Future / Booty Scooty","4/8/26"
"Teen Titans Go!: Season 3: History Lesson / The Art of Ninjutsu","4/8/26"
"Teen Titans Go!: Season 3: The Teen Titans Go Easter Holiday Classic / Rad Dudes with Bad Tudes","4/8/26"
"Teen Titans Go!: Season 3: Batman v Teen Titans: Dark Injustice / Wally T","4/8/26"
"Teen Titans Go!: Season 3: Arms Race with Legs / Obinray","4/8/26"
"Teen Titans Go!: Season 3: Pyramid Scheme / Finally a Lesson","4/8/26"
"Teen Titans Go!: Season 3: How 'Bout Some Effort / Bottle Episode","4/8/26"
"Jurassic World: Fallen Kingdom","4/8/26"
"Teen Titans Go!: Season 3: Secret Garden / The Cruel Giggling Ghoul","4/7/26"
"Teen Titans Go!: Season 3: Garage Sale / Beast Boy's St. Patrick's Day Luck and It's Bad","4/7/26"
"Teen Titans Go!: Season 3: Two Parter: Part 2 / The True Meaning of Christmas","4/7/26"
"Teen Titans Go!: Season 3: Squash & Stretch / Two Parter: Part 1","4/7/26"
"Teen Titans Go!: Season 3: BBBDay! / Black Friday","4/7/26"
"Sealook: Pat Pat!","4/7/26"
"Sealook: Hush-a-Bye, Tiny Seals","4/7/26"
"Sealook: Summer Seal","4/7/26"
"Sealook: It's Freezing Cold","4/7/26"
"Sealook: This Seal Nailed the Beatbox","4/7/26"
"Sealook: Bedtime Workout","4/7/26"
"Sealook: Trick Shot","4/7/26"
"Sealook: You Can't Stop Me From Sticking My Tongue Out","4/7/26"
"Sixth Sense Agency: Episode 8","4/7/26"
"Teen Titans Go!: Season 3: Animals: It's Just a Word / Scary Figure Dance","4/7/26"
"Teen Titans Go!: Season 3: Grube's Fairytales / A Farce","4/7/26"
"Teen Titans Go!: Season 3: The Fourth Wall / 40%, 40%, 20%","4/7/26"
"Teen Titans Go!: Season 3: Accept the Next Proposition You Hear / Hey You, Don't Neglect Me in Your Memory","4/7/26"
"Teen Titans Go!: Season 3: The Spice Game / I'm the Sauce","4/7/26"
"Teen Titans Go!: Season 3: The Dignity of Teeth / The Croissant","4/7/26"
"Teen Titans Go!: Season 3: A Cat's Fancy / Leg Day","4/7/26"
"SPY x FAMILY: Season 3: Avoid Getting Tonitrus Bolts / ■■■■'s Memories I","4/7/26"
"SPY x FAMILY: Season 3: Berlint Panic / The Informant and Nightfall","4/7/26"
"Witch Hat Atelier: Episode 1","4/7/26"
"SPY x FAMILY: Season 2: Part of the Family","4/7/26"
"SPY x FAMILY: Season 2: Berlint in Love / Nightfall's Daily Life","4/7/26"
"Akane-Banashi: That Day","4/7/26"
"My Daemon: The Grave Journey","4/7/26"
"Daemons of the Shadow Realm: Asa and Yuru","4/7/26"
"Riverdance: The Animated Adventure","4/7/26"
"Teen Titans Go!: Season 2: And the Award for Sound Design Goes to Rob / Some of Their Parts","4/7/26"
"Teen Titans Go!: Season 2: The Return of Slade / More of the Same","4/7/26"
"Oddballs: Season 1: Raising Toasty","4/6/26"
"Sixth Sense Agency: Episode 7","4/6/26"
"The Giant Falls","4/6/26"
"100KG Vampire","4/6/26"
"Teen Titans Go!: Season 2: Campfire Stories / The HIVE Five","4/6/26"
"Teen Titans Go!: Season 2: Operation Tin Man / Nean","4/6/26"
"SPY x FAMILY: Season 2: Enjoy the Resort to the Fullest / Bragging About Vacation","4/6/26"
"Teen Titans Go!: Season 2: Kicking a Ball and Pretending to Be Hurt / Head Fruit","4/6/26"
"Teen Titans Go!: Season 2: Video Game References / Cool School","4/6/26"
"Teen Titans Go!: Season 2: Two Bumble Bees and a Wasp / Oil Drums","4/6/26"
"Teen Titans Go!: Season 2: Truth, Justice, and What? / Beast Man","4/6/26"
"Teen Titans Go!: Season 2: Rocks and Water / Multiple Trick Pony","4/6/26"
"Home Team","4/6/26"
"Jurassic World","4/5/26"
"SPY x FAMILY: Season 2: The Hand That Connects to the Future","4/5/26"
"SPY x FAMILY: Season 2: The Symphony Upon the Ship / Sis's Herb Tea","4/5/26"
"SPY x FAMILY: Season 2: Who Is This Mission For?","4/5/26"
"Teen Titans Go!: Season 2: Let's Get Serious / Tamaranian Vacation","4/5/26"
"Teen Titans Go!: Season 2: Yearbook Madness / Hose Water","4/5/26"
"Teen Titans Go!: Season 2: Smile Bones / Real Boy Adventures","4/5/26"
"Teen Titans Go!: Season 2: Robin Backwards / Crazy Day","4/5/26"
"Don't Tell Mom the Babysitter's Dead","4/5/26"
"Anak Bulan","4/5/26"
"Teen Titans Go!: Season 2: Mouth Hole / Hot Garbage","4/4/26"
"Teen Titans Go!: Season 2: Road Trip / The Best Robin","4/4/26"
"Teen Titans Go!: Season 2: Boys vs Girls / Body Adventure","4/4/26"
"Teen Titans Go!: Season 2: Serious Business / Thanksgiving","4/4/26"
"Teen Titans Go!: Season 2: The Mask / Slumber Party","4/4/26"
"Teen Titans Go!: Season 2: Friendship / Vegetables","4/4/26"
"Romantic Killer: Why Is there So Much Legalese in Magic!?","4/4/26"
"Romantic Killer: Ginger Ale is a Force Majeure","4/4/26"
"Romantic Killer: Goose Bumps! I Am a Goose Now","4/4/26"
"Romantic Killer: You Sure Have Your Quirks...","4/4/26"
"Romantic Killer: A Reincarnated-in-Another-World Date","4/4/26"
"Romantic Killer: You're More Troublesome in Flesh and Blood","4/4/26"
"Romantic Killer: The Childhood Friend is Easy Mode","4/4/26"
"Trolls","4/4/26"
"A Gatherer's Adventure in Isekai: A Single Drop","4/4/26"
"ONE PIECE: Into the Grand Line: Official Podcast: LOGUETOWN featuring Iñaki Godoy and Eiichiro Oda","4/4/26"
"Gudetama: An Eggcellent Adventure: I'm Pooped...","4/3/26"
"Sixth Sense Agency: Episode 6","4/3/26"
"Sixth Sense Agency: Episode 5","4/3/26"
"When I Fly Towards You: Lost Rainy Days, I Long to Be Soaked Once More","4/3/26"
"The Ramparts of Ice: Lines and Walls","4/3/26"
"Love Game in Eastern Fantasy: Episode 1","4/3/26"
"Veil of Shadows: Episode 1","4/3/26"
"Oh My Ghost Clients: Episode 6","4/2/26"
"Oh My Ghost Clients: Episode 5","4/2/26"
"Oh My Ghost Clients: Episode 4","4/2/26"
"Oh My Ghost Clients: Episode 3","4/2/26"
"It Takes a Village","4/2/26"
"Bicentennial Man","4/2/26"
"Trolls World Tour","4/1/26"
"STEEL BALL RUN JoJo’s Bizarre Adventure: 1st STAGE: STEEL BALL RUN","4/1/26"
"Magic Camp","3/31/26"
"Chiikawa: Episode 1","3/31/26"
"My Hero Academia: You're Next","3/31/26"
"My Hero Academia: Vigilantes: Season 2: Graduation and Career Path","3/31/26"
"Camp Crasher","3/31/26"
"Lemony Snicket's A Series of Unfortunate Events","3/30/26"
"Alvin and the Chipmunks: The Road Chip","3/30/26"
"Diary of a Wimpy Kid: The Long Haul","3/30/26"
"The Disastrous Life of Saiki K.: Season 1: Episode 21","3/29/26"
"The Disastrous Life of Saiki K.: Season 1: Episode 20","3/29/26"
"The Disastrous Life of Saiki K.: Season 1: Episode 19","3/29/26"
"The Disastrous Life of Saiki K.: Season 1: Episode 18","3/29/26"
"【OSHI NO KO】: Season 3: Episode 35","3/29/26"
"【OSHI NO KO】: Season 3: Episode 34","3/29/26"
"My Hero Academia: Vigilantes: Season 2: This Is a Hero!!","3/29/26"
"My Hero Academia: Vigilantes: Season 2: Balloon Soul","3/29/26"
"Horton Hears a Who!","3/29/26"
"Daddy Day Care","3/28/26"
"Jujutsu Kaisen: Season 3: Sendai Colony","3/28/26"
"Jujutsu Kaisen: Season 3: Tokyo No.1 Colony Part 5","3/28/26"
"The Sleepover","3/27/26"
"Family Switch","3/27/26"
"3 Men's Soulmates","3/27/26"
"Agen +62","3/27/26"
"The Fakenapping","3/27/26"
"Raya Tak Jadi","3/27/26"
"Sealook: New Dance Challenge Unlocked","3/27/26"
"Sealook: Doppelgänger","3/27/26"
"Troll 2","3/26/26"
"Jumanji: The Next Level","3/26/26"
"Lost in the Spotlight","3/26/26"
"Pesugihan Sate Gagak","3/26/26"
"Black Blood","3/26/26"
"The Boss Baby: Christmas Bonus","3/25/26"
"Nanny McPhee and the Big Bang","3/25/26"
"Border 2","3/25/26"
"Mission: Cross","3/24/26"
"Henry Danger: Episode 16","3/24/26"
"Henry Danger: Episode 15","3/24/26"
"Henry Danger: Episode 14","3/24/26"
"Henry Danger: Episode 13","3/24/26"
"Henry Danger: Episode 12","3/24/26"
"Henry Danger: Episode 11","3/24/26"
"Nanny McPhee","3/24/26"
"Hotel Transylvania 3: Summer Vacation","3/24/26"
"The Visit","3/23/26"
"Hotel Transylvania","3/22/26"
"Diary of a Wimpy Kid: Rodrick Rules","3/22/26"
"Sam & Cat: #MotorcycleMystery","3/21/26"
"Sam & Cat: #RevengeOfTheBritBrats","3/21/26"
"Sam & Cat: #TextingCompetition","3/21/26"
"Sam & Cat: #ToddlerClimbing","3/21/26"
"Sam & Cat: #GoomerSitting","3/21/26"
"Anaconda: Cursed Jungle","3/21/26"
"Garfield: A Tail of Two Kitties","3/21/26"
"I Spy","3/21/26"
"Kung Fu Panda 4","3/20/26"
"Phantom Lawyer: Episode 1","3/20/26"
"Five Nights at Freddy's","3/20/26"
"Henry Danger: Episode 10","3/20/26"
"Henry Danger: Episode 9","3/20/26"
"Henry Danger: Episode 8","3/20/26"
"Henry Danger: Episode 7","3/20/26"
"Henry Danger: Episode 6","3/20/26"
"Henry Danger: Episode 5","3/20/26"
"Henry Danger: Episode 4","3/20/26"
"Henry Danger: Episode 3","3/20/26"
"Hustler vs Scammer","3/20/26"
"Henry Danger: Episode 2","3/20/26"
"Henry Danger: Episode 1","3/20/26"
"Slender Man","3/19/26"
"The Disastrous Life of Saiki K.: Season 1: Episode 17","3/19/26"
"The Disastrous Life of Saiki K.: Season 1: Episode 16","3/19/26"
"The Disastrous Life of Saiki K.: Season 1: Episode 15","3/19/26"
"The Disastrous Life of Saiki K.: Season 1: Episode 14","3/19/26"
"The Disastrous Life of Saiki K.: Season 1: Episode 13","3/19/26"
"The Disastrous Life of Saiki K.: Season 1: Episode 12","3/19/26"
"The Disastrous Life of Saiki K.: Season 1: Episode 11","3/19/26"
"The Disastrous Life of Saiki K.: Season 1: Episode 10","3/19/26"
"The Disastrous Life of Saiki K.: Season 1: Episode 9","3/19/26"
"The Disastrous Life of Saiki K.: Season 1: Episode 8","3/19/26"
"The Disastrous Life of Saiki K.: Season 1: Episode 7","3/19/26"
"Henry Danger: Episode 23","3/19/26"
"Victorious: Stage Fighting","3/18/26"
"Victorious: The Bird Scene","3/18/26"
"Victorious: Pilot","3/18/26"
"The Night My Dad Saved Christmas 2","3/17/26"
"Henry Danger: Episode 22","3/16/26"
"Henry Danger: Episode 21","3/16/26"
"You and I Are Polar Opposites: Episode 4","3/16/26"
"You and I Are Polar Opposites: Episode 3","3/16/26"
"You and I Are Polar Opposites: Episode 2","3/16/26"
"Sam & Cat: #BabysitterWar","3/16/26"
"Si Paling Aktor","3/16/26"
"Henry Danger: Episode 20","3/16/26"
"Henry Danger: Episode 19","3/16/26"
"Henry Danger: Episode 18","3/16/26"
"Henry Danger: Episode 17","3/16/26"
"You and I Are Polar Opposites: Episode 1","3/16/26"
"Jujutsu Kaisen: Season 3: Tokyo No.1 Colony Part 4","3/16/26"
"A World Without God: Episode 1","3/16/26"
"Minions & More Volume 2","3/16/26"
"【OSHI NO KO】: Season 3: Episode 33","3/15/26"
"The Twits","3/15/26"
"The Amazing World of Gumball: Season 1: The Third/The Debt","3/14/26"
"The Whole Truth","3/14/26"
"Night Swim","3/14/26"
"Made in Korea","3/14/26"
"Haunted Universities 3","3/14/26"
"Chennai Express","3/14/26"
"Re/Member: The Last Night","3/14/26"
"Re/Member","3/14/26"
"ONE PIECE: Season 1: THE PIRATES ARE COMING","3/14/26"
"ONE PIECE: Season 1: TELL NO TALES","3/14/26"
"ONE PIECE: Season 1: THE MAN IN THE STRAW HAT","3/14/26"
"Alvin and the Chipmunks: Chipwrecked","3/13/26"
"The Core","3/12/26"
"Sam & Cat: #TheBritBrats","3/12/26"
"Sam & Cat: #NewGoat","3/11/26"
"Sam & Cat: #FavoriteShow","3/11/26"
"Sam & Cat: #Pilot","3/11/26"
"Sam & Cat: #KnockOut","3/11/26"
"Sam & Cat: #FirstClassProblems","3/11/26"
"Sam & Cat: #DroneBabyDrone","3/11/26"
"Sam & Cat: #StuckInABox","3/11/26"
"Sam & Cat: #FresnoGirl","3/11/26"
"Sam & Cat: #BlooperEpisode","3/11/26"
"Sam & Cat: #BlueDogSoda","3/11/26"
"Sam & Cat: #BrainCrush","3/11/26"
"Wind Breaker: Season 1: The Hero Of My Dreams","3/11/26"
"Wind Breaker: Season 1: Sakura Arrives at Furin","3/11/26"
"Jujutsu Kaisen: Season 3: Tokyo No.1 Colony Part 3","3/11/26"
"Jujutsu Kaisen: Season 3: Tokyo No.1 Colony Part 2","3/11/26"
"Pursuit of Jade: Episode 5","3/10/26"
"Pursuit of Jade: Episode 4","3/10/26"
"Pursuit of Jade: Episode 3","3/10/26"
"Pursuit of Jade: Episode 2","3/10/26"
"Pursuit of Jade: Episode 1","3/10/26"
"My Hero Academia: Vigilantes: Season 2: Zero Hour","3/10/26"
"Ella Enchanted","3/10/26"
"Gimbap and Onigiri: Episode 3","3/9/26"
"【OSHI NO KO】: Season 3: Episode 32","3/9/26"
"Booba: Season 1: Ball","3/9/26"
"Booba: Season 1: Farm","3/9/26"
"Booba: Season 1: Museum","3/9/26"
"Booba: Season 1: Aircraft","3/9/26"
"Booba: Season 1: Train","3/9/26"
"Booba: Season 1: Terrace","3/9/26"
"Booba: Season 1: UFO","3/9/26"
"Booba: Season 1: Fitness Club","3/9/26"
"Booba: Season 1: Noise","3/9/26"
"Booba: Season 1: Disco","3/9/26"
"Booba: Season 1: Grapes","3/9/26"
"Booba: Season 1: Concert Hall","3/9/26"
"Booba: Season 1: Supermarket","3/9/26"
"Booba: Season 1: Metro","3/9/26"
"Booba: Season 1: Burger","3/9/26"
"Booba: Season 1: Bulb","3/9/26"
"Booba: Season 1: Cinema Hall","3/9/26"
"Booba: Season 1: Party","3/9/26"
"Booba: Season 1: Circus","3/9/26"
"Booba: Season 1: Bakery","3/9/26"
"Booba: Season 1: Painting","3/9/26"
"Booba: Season 1: Mouse Trap","3/9/26"
"Booba: Season 1: Bow Tie","3/9/26"
"Booba: Season 1: Attic","3/9/26"
"Booba: Season 1: Garage","3/9/26"
"Booba: Season 1: The Candle","3/9/26"
"Booba: Season 1: Biology Cabinet","3/9/26"
"Booba: Season 1: Game Room","3/9/26"
"Booba: Season 1: Office","3/9/26"
"Booba: Season 1: Nursery","3/9/26"
"Booba: Season 1: Bathroom","3/9/26"
"Booba: Season 1: Kitchen","3/9/26"
"Booba: Season 4: Booba Cartoon - Levels (Avicii cover) - Music video","3/9/26"
"Booba: Season 4: Magic Glasses","3/9/26"
"Booba: Season 4: Rocket","3/9/26"
"Booba: Season 4: Grand Prix","3/9/26"
"Booba: Season 4: Message in a Bottle","3/9/26"
"Booba: Season 4: Magic Mask","3/9/26"
"Booba: Season 4: Wash Day","3/9/26"
"Booba: Season 4: Trick or Treat!","3/9/26"
"Booba: Season 4: Invisibility Cloak","3/9/26"
"Booba: Season 4: Inventor","3/9/26"
"Booba: Season 4: Booba and the Beanstalk","3/9/26"
"Booba: Season 4: Rainbow","3/9/26"
"Booba: Season 4: Rescuer","3/9/26"
"Booba: Season 4: Train Robbery","3/9/26"
"Booba: Season 4: Snowy Adventure","3/9/26"
"Hunt for the Wilderpeople","3/9/26"
"Fish, Fists and Ambergris","3/9/26"
"My Boo 2","3/8/26"
"My Boo","3/8/26"
"The Dinosaurs: Rise","3/8/26"
"Senario Lagi","3/7/26"
"Spellbound","3/7/26"
"Paul","3/7/26"
"Booba: Season 4: Detective","3/7/26"
"Booba: Season 4: Magic Mirror","3/7/26"
"Booba: Season 4: Egg Hunt","3/7/26"
"Booba: Season 4: The Magic Toys","3/7/26"
"Booba: Season 4: Egyptian Treasures","3/7/26"
"Booba: Season 4: Magic Boots","3/7/26"
"Booba: Season 4: Knight","3/7/26"
"Booba: Season 4: Fishing","3/7/26"
"Booba: Season 4: Art Gallery","3/7/26"
"Booba: Season 4: The Shooting Star","3/7/26"
"Booba: Season 4: Christmas Presents","3/7/26"
"Booba: Season 4: Halloween Adventure","3/7/26"
"Booba: Season 3: Magic Broomstick","3/7/26"
"Booba: Season 3: Library","3/7/26"
"Booba: Season 3: The Robot","3/7/26"
"Senario Lang Buana","3/6/26"
"Mr Bean's Holiday","3/6/26"
"Martabat: Misi Berdarah","3/6/26"
"Agak Laen","3/5/26"
"Gimbap and Onigiri: Episode 2","3/4/26"
"My Hero Academia: Vigilantes: Season 2: Farewell Party!","3/3/26"
"The Too-Perfect Saint: Tossed Aside by My Fiancé and Sold to Another Kingdom: The Crossroads of Fate","3/1/26"
"The Too-Perfect Saint: Tossed Aside by My Fiancé and Sold to Another Kingdom: With You, Who Gave Me Courage","3/1/26"
"The Too-Perfect Saint: Tossed Aside by My Fiancé and Sold to Another Kingdom: The Locked–Up Prince","3/1/26"
"The Too-Perfect Saint: Tossed Aside by My Fiancé and Sold to Another Kingdom: Reason and Emotion","3/1/26"
"The Too-Perfect Saint: Tossed Aside by My Fiancé and Sold to Another Kingdom: Yellow Freesia","3/1/26"
"The Too-Perfect Saint: Tossed Aside by My Fiancé and Sold to Another Kingdom: Entrusted Feelings","3/1/26"
"The Too-Perfect Saint: Tossed Aside by My Fiancé and Sold to Another Kingdom: First Date","3/1/26"
"The Too-Perfect Saint: Tossed Aside by My Fiancé and Sold to Another Kingdom: Welcome to Parnacorta","3/1/26"
"The Too-Perfect Saint: Tossed Aside by My Fiancé and Sold to Another Kingdom: The Saint that Doesn't Smile","3/1/26"
"Gimbap and Onigiri: Episode 1","2/28/26"
"The Star","2/27/26"
"Para X Normal","2/27/26"
"Hidden Strike","2/26/26"
"Shrek the Third","2/26/26"
"ONE PIECE: Season 1: ROMANCE DAWN","2/26/26"
"【OSHI NO KO】: Season 3: Episode 31","2/26/26"
"Even Given the Worthless “Appraiser” Class, I'm Actually the Strongest: Appraiser Is an Underdog Profession","2/25/26"
"My Hero Academia: Vigilantes: Season 2: A Sky With No Rain Left","2/25/26"
"Wistoria: Wand and Sword: Season 1: Wand and Sword","2/25/26"
"Wistoria: Wand and Sword: Season 1: The True Name of Cowardice","2/25/26"
"Wistoria: Wand and Sword: Season 1: Our Dreams","2/25/26"
"Wistoria: Wand and Sword: Season 1: Let the Praxis Begin","2/25/26"
"Rumble","2/24/26"
"Circle Line","2/24/26"
"Godzilla","2/24/26"
"Bullet Train Explosion","2/24/26"
"Wistoria: Wand and Sword: Season 1: Shall we date?","2/23/26"
"Wistoria: Wand and Sword: Season 1: El Glace Frosse","2/23/26"
"Wistoria: Wand and Sword: Season 1: Between Pride and Passion","2/23/26"
"Wistoria: Wand and Sword: Season 1: On Your Marks","2/23/26"
"Wistoria: Wand and Sword: Season 1: Festival Eve","2/23/26"
"Wistoria: Wand and Sword: Season 1: Order & Watcher","2/23/26"
"Wistoria: Wand and Sword: Season 1: Undauntedly","2/23/26"
"Wistoria: Wand and Sword: Season 1: Let Me Be Your Sword","2/23/26"
"Fear or Not","2/23/26"
"Sumpahan Malam Raya","2/23/26"
"【OSHI NO KO】: Season 3: Episode 30","2/22/26"
"Missing","2/21/26"
"Jembatan Shiratal Mustaqim","2/21/26"
"Maryam: The Untold Story","2/21/26"
"My Oni Girl","2/21/26"
"The Loud House: Study Muffin/Homespun","2/21/26"
"The Loud House: The Price of Admission/One Flu Over the Loud House","2/21/26"
"The Loud House: Funny Business/Snow Bored","2/21/26"
"The Loud House: One of the Boys/A Tattler’s Tale","2/21/26"
"The Loud House: Dance Dance Resolution/A Fair to Remember","2/21/26"
"The Loud House: The Loudest Yard/Raw Deal","2/21/26"
"Bleach: The Substitute: The Day I Became a Shinigami","2/19/26"
"My Hero Academia: Vigilantes: Season 2: Glass Sky","2/19/26"
"Little Evil","2/19/26"
"Vanished","2/19/26"
"Pee Mak","2/19/26"
"Sam & Cat: #SuperPsycho","2/18/26"
"Sam & Cat: #TheKillerTunaJump: #Freddie #Jade #Robbie: Part 2","2/18/26"
"Sam & Cat: #TheKillerTunaJump: #Freddie #Jade #Robbie: Part 1","2/18/26"
"Sam & Cat: #GettingWiggy","2/18/26"
"Sam & Cat: #WeStealARockstar","2/18/26"
"Sukma","2/18/26"
"Peter Rabbit","2/17/26"
"Wallace & Gromit: Vengeance Most Fowl","2/16/26"
"Dr. Seuss' The Grinch","2/16/26"
"Twisted Fate","2/16/26"
"Insidious: The Last Key","2/16/26"
"Surf's Up","2/16/26"
"Bocchi the Rock!: Bocchi the Rock","2/15/26"
"Bocchi the Rock!: Flightless Fish","2/15/26"
"Bocchi the Rock!: Jumping Girl(s)","2/15/26"
"Jujutsu Kaisen: Season 3: Tokyo No.1 Colony Part 1","2/15/26"
"Waktu Maghrib 2","2/15/26"
"Insidious: The Red Door","2/15/26"
"404","2/15/26"
"Bocchi the Rock!: Be Right There","2/14/26"
"Kang Mak from Pee Mak","2/14/26"
"Bocchi the Rock!: See You Tomorrow","2/14/26"
"Bocchi the Rock!: Lonely Rolling Bocchi","2/14/26"
"My Hero Academia: Vigilantes: Season 2: Rain and Cloud","2/14/26"
"Lift","2/11/26"
"Loner Life in Another World: The Loner and the Bad Skills","2/10/26"
"The Brilliant Healer's New Life in the Shadows: Compensation Equivalent","2/10/26"
"Magic and Muscles: Mashle: Magic And Muscles The Divine Visionary Candidate Exam Arc: Mash Burnedead and the Divine Visionaries","2/10/26"
"Magic and Muscles: Mash Burnedead and the Magic Mirror","2/10/26"
"Magic and Muscles: Mash Burnedead and the Baleful Bully","2/10/26"
"The Dark History of the Reincarnated Villainess: Kindness, Strength, and the Man I Must Erase","2/9/26"
"The Dark History of the Reincarnated Villainess: A Life Is More Important Than Adoration!","2/9/26"
"The Dark History of the Reincarnated Villainess: I Know Less of the Beauty of Elves Than of Normies in the Human World","2/9/26"
"Day Shift","2/9/26"
"The Dark Tower","2/9/26"
"Bloodshot","2/9/26"
"The Dark History of the Reincarnated Villainess: Self-Evaluations Are Unreliable","2/8/26"
"The Dark History of the Reincarnated Villainess: “Original” Is a Magical Set of Letters I Remembered! Bloody Rosa!","2/8/26"
"My Hero Academia: Season 5: That Which is Inherited","2/8/26"
"My Hero Academia: Season 5: Our Brawl!","2/8/26"
"My Hero Academia: Season 5: Make It Happen, Shinso!","2/8/26"
"My Hero Academia: Season 5: Clash! Class A vs. Class B!","2/8/26"
"My Hero Academia: Season 5: Vestiges","2/8/26"
"My Hero Academia: Season 5: All Hands on Deck! Class 1-A","2/8/26"
"The Weakest Tamer Began a Journey to Pick Up Trash: Begin a Journey Alone","2/8/26"
"The Dark History of the Reincarnated Villainess: These Mental Images Are Rated for All Ages","2/8/26"
"Jujutsu Kaisen: Season 3: Cog","2/8/26"
"Jujutsu Kaisen: Season 3: Fever","2/8/26"
"Jujutsu Kaisen: Season 3: Perfect Preparation","2/8/26"
"Jujutsu Kaisen: Season 3: About the Culling Game","2/8/26"
"The Dark History of the Reincarnated Villainess: If the Suspect Is Identified, Is Death a Certainty?","2/7/26"
"The Dark History of the Reincarnated Villainess: A Sick Person’s Temperature Is Taken Forehead to Forehead","2/7/26"
"The Dark History of the Reincarnated Villainess: No Matter Who Dies, I’m Gonna End Up a Suspect","2/7/26"
"The Dark History of the Reincarnated Villainess: You’re the One Who Sent Me the Dark History","2/7/26"
"Orion and the Dark","2/7/26"
"Army of Thieves","2/7/26"
"Love and Monsters","2/7/26"
"Noah","2/6/26"
"The Pirates: The Last Royal Treasure","2/6/26"
"Death Whisperer 3","2/5/26"
"Sahara","2/5/26"
"The Dark History of the Reincarnated Villainess: A Lavish Ball Is Better Than Obon Dancing","2/4/26"
"Casper","2/4/26"
"The Dark History of the Reincarnated Villainess: Magical Ability Is More Important Than Study Ability","2/4/26"
"The Wrong Way to Use Healing Magic: Usato, Rescue Squad Member!","2/4/26"
"The Wrong Way to Use Healing Magic: Ruthless! The Darkness of Llinger!","2/4/26"
"The Wrong Way to Use Healing Magic: The Beginning of Hell!","2/4/26"
"The Wrong Way to Use Healing Magic: Dragged Into Another World!","2/4/26"
"My Hero Academia: Vigilantes: Season 2: The Man Returns","2/4/26"
"Trouble","2/3/26"
"【OSHI NO KO】: Season 1: Mother and Children","2/2/26"
"Jumanji: Welcome to the Jungle","2/2/26"
"Mortal Engines","2/2/26"
"Paul Blart: Mall Cop 2","2/2/26"
"【OSHI NO KO】: Season 3: Episode 25","2/1/26"
"【OSHI NO KO】: Season 2: Wish","2/1/26"
"【OSHI NO KO】: Season 3: Episode 27","2/1/26"
"Skyscraper Live","2/1/26"
"The Last Castle","2/1/26"
"Angry Birds: Summer Madness: Season 1: Splashageddon!","2/1/26"
"Angry Birds: Summer Madness: Season 1: Bomb's Away!","2/1/26"
"Angry Birds: Summer Madness: Season 1: Space Oddities","2/1/26"
"Angry Birds: Summer Madness: Season 1: The New Pig","2/1/26"
"Angry Birds: Summer Madness: Season 1: Much Ado About Pudding","2/1/26"
"Angry Birds: Summer Madness: Season 1: The Big Bird Bake Off","2/1/26"
"Angry Birds: Summer Madness: Season 1: It's Raining, It's Boring","2/1/26"
"Angry Birds: Summer Madness: Season 1: Dodgebirds","2/1/26"
"96 Minutes","1/31/26"
"The Willoughbys","1/31/26"
"The Spiderwick Chronicles","1/31/26"
"True Memoirs of an International Assassin","1/30/26"
"Ride Along","1/30/26"
"Mr. Popper's Penguins","1/30/26"
"Paul Blart: Mall Cop","1/29/26"
"SAKAMOTO DAYS: The Legendary Hit Man","1/29/26"
"My Hero Academia: Vigilantes: Season 2: A Rational Man","1/28/26"
"Hubie Halloween","1/28/26"
"Gachiakuta: Raiders","1/27/26"
"Hotel Inhumans: Sister·Sister","1/27/26"
"【OSHI NO KO】: Season 3: Episode 26","1/27/26"
"Cosmic Princess Kaguya!","1/26/26"
"A Thousand Words","1/26/26"
"My Hero Academia: Season 1: Izuku Midoriya: Origin","1/26/26"
"The Casagrandes Movie","1/26/26"
"Sonic the Hedgehog","1/25/26"
"Maze Runner: The Scorch Trials","1/24/26"
"Jujutsu Kaisen 0: The Movie","1/24/26"
"The Maze Runner","1/24/26"
"Jumanji","1/23/26"
"Trolls Band Together","1/23/26"
"Wonder Park","1/23/26"
"Grizzy and the Lemmings: Season 4: Episode 22","1/23/26"
"Grizzy and the Lemmings: Season 4: Episode 21","1/23/26"
"Grizzy and the Lemmings: Season 4: Episode 20","1/23/26"
"Grizzy and the Lemmings: Season 4: Episode 19","1/23/26"
"Grizzy and the Lemmings: Season 4: Episode 18","1/23/26"
"Grizzy and the Lemmings: Season 4: Episode 17","1/23/26"
"Grizzy and the Lemmings: Season 4: Episode 16","1/23/26"
"Grizzy and the Lemmings: Season 4: Episode 15","1/22/26"
"Grizzy and the Lemmings: Season 4: Episode 14","1/22/26"
"Grizzy and the Lemmings: Season 4: Episode 13","1/22/26"
"Grizzy and the Lemmings: Season 4: Episode 12","1/22/26"
"Grizzy and the Lemmings: Season 4: Episode 11","1/22/26"
"Grizzy and the Lemmings: Season 4: Episode 10","1/22/26"
"Grizzy and the Lemmings: Season 4: Episode 9","1/22/26"
"Grizzy and the Lemmings: Season 4: Episode 8","1/22/26"
"Grizzy and the Lemmings: Season 4: Episode 7","1/22/26"
"Grizzy and the Lemmings: Season 4: Episode 6","1/22/26"
"Grizzy and the Lemmings: Season 4: Episode 5","1/22/26"
"Grizzy and the Lemmings: Season 4: Episode 4","1/22/26"
"Grizzy and the Lemmings: Season 4: Episode 3","1/22/26"
"Grizzy and the Lemmings: Season 4: Episode 2","1/22/26"
"Grizzy and the Lemmings: Season 4: Episode 1","1/22/26"
"Dodgeball: A True Underdog Story","1/22/26"
"Miss Kobayashi's Dragon Maid: Second Dragon, Kanna! (We're Totally Spoiling Here)","1/22/26"
"Miss Kobayashi's Dragon Maid: The Strongest Maid in History, Tohru! (Well, She is a Dragon)","1/22/26"
"Bocchi the Rock!: Eight Views","1/20/26"
"My Hero Academia: Vigilantes: Season 2: Public and Private","1/20/26"
"Roald Dahl's Matilda The Musical","1/19/26"
"Togo","1/19/26"
"The Rip","1/19/26"
"Addams Family Values","1/18/26"
"Monster Run","1/18/26"
"Wake Up Dead Man: A Knives Out Mystery","1/18/26"
"Back in Action","1/17/26"
"Cheaper by the Dozen","1/17/26"
"Ghostbusters: Answer the Call","1/17/26"
"Knives Out","1/17/26"
"The Good Doctor: Season 1: Burnt Food","1/16/26"
"Accepted","1/16/26"
"The Addams Family","1/16/26"
"Hancock","1/15/26"
"My Hero Academia: Vigilantes: Season 2: Crabtastic Rampage!","1/13/26"
"My Hero Academia: Vigilantes: Season 2: Day-Tripping Down to Naniwa!","1/13/26"
"Young Sheldon: Season 4: A Pager, a Club and a Cranky Bag of Wrinkles","1/12/26"
"Young Sheldon: Season 4: Cowboy Aerobics and 473 Grease-Free Bolts","1/12/26"
"Young Sheldon: Season 4: Crappy Frozen Ice Cream and an Organ Grinder's Monkey","1/12/26"
"Young Sheldon: Season 4: An Existential Crisis and a Bear That Makes Bubbles","1/12/26"
"Young Sheldon: Season 4: A Philosophy Class and Worms That Can Chase You","1/12/26"
"Young Sheldon: Season 4: Freshman Orientation and the Invention of the Zipper","1/12/26"
"Jujutsu Kaisen: Season 1: Girl Of Steel","1/12/26"
"Jujutsu Kaisen: Season 1: For Myself","1/12/26"
"Jujutsu Kaisen: Season 1: Ryomen Sukuna","1/12/26"
"Holmes & Watson","1/12/26"
"SPY x FAMILY: Season 3: Battle to the Death in the Sewers","1/11/26"
"Jujutsu Kaisen: Season 3: One More Time","1/11/26"
"Jujutsu Kaisen: Season 3: Execution","1/11/26"
"BNA: Fox Waltz","1/11/26"
"BNA: Greedy Bears","1/11/26"
"BNA: Dolphin Daydream","1/11/26"
"BNA: Rhino Melancholy","1/11/26"
"BNA: Rabbit Town","1/11/26"
"BNA: Runaway Raccoon","1/11/26"
"Peter Pan","1/11/26"
"Magik Rompak","1/11/26"
"Central Intelligence","1/8/26"
"Uglies","1/7/26"
"Venom","1/5/26"
"The Haunted Palace: Episode 9","1/5/26"
"The Haunted Palace: Episode 8","1/5/26"
"The Haunted Palace: Episode 7","1/5/26"
"The Haunted Palace: Episode 6","1/5/26"
"Cheaper by the Dozen 2","1/4/26"
"Megamind","1/4/26"
"Rooftop Prince: Limited Series: Episode 1","1/4/26"
"Cashero: Limited Series: Episode 8","1/4/26"
"Cashero: Limited Series: Episode 7","1/4/26"
"Cashero: Limited Series: Episode 6","1/4/26"
"Cashero: Limited Series: Episode 5","1/4/26"
"Cashero: Limited Series: Episode 4","1/4/26"
"Cashero: Limited Series: Episode 3","1/4/26"
"Cashero: Limited Series: Episode 2","1/4/26"
"Cashero: Limited Series: Episode 1","1/4/26"
"Pixels","1/3/26"
"The Wandering Earth","1/1/26"
"The Internship","12/31/25"
"Click","12/31/25"
"Fight Back to School II","12/29/25"
"SpongeBob SquarePants: Season 8: Drive-Thru / The Hot Shot","12/29/25"
"SpongeBob SquarePants: Season 8: Accidents Will Happen / The Other Patty","12/29/25"
"Identity Thief","12/29/25"
"Shrek 2","12/28/25"
"Searching","12/28/25"
"La Tahzan: Cinta, Dosa, Luka","12/28/25"
"Materialists","12/28/25"
"Falling Inn Love","12/28/25"
"Just Go With It","12/28/25"
"A Quiet Place Part II","12/28/25"
"After Earth","12/28/25"
"Baby Driver","12/27/25"
"Puss in Boots","12/26/25"
"Taxi","12/25/25"
"Father of the Bride","12/25/25"
"When Fortune Smiles","12/25/25"
"Fight Back to School III","12/25/25"
"The Disastrous Life of Saiki K.: Season 1: Episode 6","12/25/25"
"The Disastrous Life of Saiki K.: Season 1: Episode 5","12/25/25"
"The Disastrous Life of Saiki K.: Season 1: Episode 4","12/25/25"
"My Hero Academia: Final Season: Quirk: Explosion!!","12/24/25"
"My Hero Academia: Final Season: The Final Boss!!","12/24/25"
"My Hero Academia: Final Season: The End of an Era, and the Beginning","12/24/25"
"The House with a Clock in Its Walls","12/23/25"
"Johnny Test: Season 1: Johnny's Battle Royale","12/21/25"
"My Love from the Star: Season 1: Episode 18","12/21/25"
"Hop","12/20/25"
"The Rookie: Season 1: Pilot","12/17/25"
"Love Next Door: Limited Series: Your First","12/17/25"
"Genie, Make a Wish: Episode 2","12/17/25"
"Genie, Make a Wish: Episode 1","12/17/25"
"My Hero Academia: Final Season: Toshinori Yagi: Rising/Origin","12/16/25"
"Dora and the Lost City of Gold","12/15/25"
"Rose Island","12/15/25"
"World Trade Center","12/15/25"
"Solo Leveling: I've Gotta Get Stronger","12/15/25"
"My Hero Academia: Final Season: My Hero Academia","12/14/25"
"Call Me Dad","12/13/25"
"iHostage","12/13/25"
"Home","12/13/25"
"Harold and the Purple Crayon","12/13/25"
"The Adam Project","12/13/25"
"Man Vs Baby: Chapter 2","12/11/25"
"Man Vs Baby: Chapter 1","12/11/25"
"Tan-Ti-Ana","12/11/25"
"Kampung Jabang Mayit: Ritual Maut","12/11/25"
"Zim Zim Ala Kazim","12/11/25"
"Hantu Tenggek","12/11/25"
"Siapa Buka Lampu","12/11/25"
"Posthouse","12/11/25"
"My Hero Academia: World Heroes' Mission","12/10/25"
"My Hero Academia: Season 1: Rage, You Damned Nerd","12/10/25"
"KPop Demon Hunters Lyric Videos: Soda Pop","12/10/25"
"War of the Worlds","12/10/25"
"Reunion","12/10/25"
"Romantic Killer: My Life Has Become a Dating Sim","12/9/25"
"Oh My Ghost Clients: Episode 2","12/9/25"
"Oh My Ghost Clients: Episode 1","12/9/25"
"Oh My Ghost Clients: Episode 10","12/8/25"
"Oh My Ghost Clients: Episode 9","12/8/25"
"Oh My Ghost Clients: Episode 8","12/8/25"
"Oh My Ghost Clients: Episode 7","12/8/25"
"Romantic Killer: It's Time for Children to Go to Sleep","12/8/25"
"Magic and Muscles: Mash Burnedead and the Mysterious Maze","12/8/25"
"My Hero Academia: Season 1: What I Can Do For Now","12/7/25"
"My Hero Academia: Season 1: Start Line","12/7/25"
"My Hero Academia: Season 1: Roaring Muscles","12/7/25"
"My Hero Academia: Season 1: What It Takes to Be a Hero","12/7/25"
"My Hero Academia: Final Season: The Girl Who Loves Smiles","12/6/25"
"KPop Demon Hunters Lyric Videos: Golden","12/6/25"
"KPop Demon Hunters: Fireplace","12/6/25"
"KPop Demon Hunters","12/6/25"
"Train to Busan","12/4/25"
"#Alive","12/4/25"
"I Know What You Did Last Summer","12/4/25"
"Mark Rober's CrunchLabs: Season 1: Ultimate Robot Battle vs. Dude Perfect","12/4/25"
"The Hill","12/4/25"
"Rock is a Lady's Modesty: Let’s Play Together / I Will Never Admit It!","12/1/25"
"Rock is a Lady's Modesty: Have a Nice Day / Just Stop Playing That Kind of Guitar!!!","12/1/25"
"My Status as an Assassin Obviously Exceeds the Hero’s: The Assassin Makes a Vow","12/1/25"
"Jingle Bell Heist","12/1/25"
"Three Idiots in Kenya: Episode 1","12/1/25"
"Bocchi the Rock!: To Your House","11/30/25"
"My Hero Academia: Final Season: Epilogue, the Hellish Todoroki Family: Final","11/30/25"
"Assassination Classroom: Season 1: Grown-Up Time","11/29/25"
"Assassination Classroom: Season 1: Karma Time","11/29/25"
"Assassination Classroom: Season 1: Baseball Time","11/29/25"
"Assassination Classroom: Season 1: Assassination Time","11/29/25"
"Shrek","11/29/25"
"The Cuphead Show!: Season 1: Handle with Care","11/27/25"
"The Cuphead Show!: Season 1: Ribby & Croaks","11/27/25"
"Bocchi the Rock!: After Dark","11/26/25"
"Bocchi the Rock!: Morning Light Falls on You","11/26/25"
"Three Widows Against The World","11/25/25"
"Twilight","11/23/25"
"Genie, Make a Wish: Episode 13","11/22/25"
"Genie, Make a Wish: Episode 12","11/22/25"
"Genie, Make a Wish: Episode 11","11/22/25"
"Genie, Make a Wish: Episode 10","11/22/25"
"Genie, Make a Wish: Episode 9","11/22/25"
"Genie, Make a Wish: Episode 8","11/22/25"
"Genie, Make a Wish: Episode 7","11/22/25"
"JoJo's Bizarre Adventure: Phantom Blood/Battle Tendency: New York's JoJo","11/22/25"
"My Hero Academia: Final Season: Izuku Midoriya Rising","11/22/25"
"Genie, Make a Wish: Episode 6","11/22/25"
"Secrets of the Silent Witch: A Book's Worth","11/22/25"
"Secrets of the Silent Witch: Monica Becomes a Delinquent","11/22/25"
"Genie, Make a Wish: Episode 5","11/22/25"
"Genie, Make a Wish: Episode 4","11/22/25"
"Genie, Make a Wish: Episode 3","11/22/25"
"Grizzy and the Lemmings: Season 3: Ours mécatronique","11/21/25"
"Grizzy and the Lemmings: Season 3: Ni Yin ni Yang","11/21/25"
"Grizzy and the Lemmings: Season 3: Tactique d'ombrelles","11/21/25"
"Grizzy and the Lemmings: Season 3: Ours Dans les nuages","11/21/25"
"Grizzy and the Lemmings: Season 3: Coup De Bambou","11/21/25"
"Grizzy and the Lemmings: Season 3: Ours et Dragons","11/21/25"
"The Greatest Showman","11/21/25"
"Despicable Me 3","11/21/25"
"Secrets of the Silent Witch: My Friend","11/21/25"
"Secrets of the Silent Witch: Bernie Jones and Everett the Mute","11/21/25"
"Secrets of the Silent Witch: The Hidden Secret","11/21/25"
"Secrets of the Silent Witch: My Responsibility","11/21/25"
"Goosebumps","11/21/25"
"Now You See Me","11/20/25"
"Secrets of the Silent Witch: A Cup out of Place","11/19/25"
"Secrets of the Silent Witch: The Adventure of the Silent Witch","11/19/25"
"Secrets of the Silent Witch: The Perfect Formula","11/19/25"
"Secrets of the Silent Witch: Serendia Academy Student Council","11/19/25"
"Secrets of the Silent Witch: Taking a Step Forward","11/19/25"
"Secrets of the Silent Witch: A Colleague Arrives and Acts Unreasonably","11/19/25"
"Lycoris Recoil: Repay evil with evil","11/17/25"
"Lycoris Recoil: What’s done is done","11/17/25"
"Lycoris Recoil: Another day, another dollar","11/17/25"
"Lycoris Recoil: Time will tell","11/17/25"
"Lycoris Recoil: Opposites attract","11/17/25"
"My Status as an Assassin Obviously Exceeds the Hero’s: The Assassin Fights Demons","11/17/25"
"Uncharted","11/17/25"
"The Returning Dead","11/17/25"
"My Hero Academia: Final Season: From Aizawa","11/15/25"
"Spider-Man","11/15/25"
"The Brothers Grimm","11/15/25"
"E.T. the Extra-Terrestrial","11/14/25"
"May I Ask for One Final Thing?: May I Send This Piece-of-Shit Prince Flying?","11/13/25"
"May I Ask for One Final Thing?: May I Go Visit My Fist's Beloved (Sandbag)?","11/13/25"
"My Hero Academia: Final Season: Wrench It Open, Izuku Midoriya!!","11/13/25"
"Forgetting Sarah Marshall","11/13/25"
"Rango","11/12/25"
"Narik Sukmo","11/12/25"
"Backyard Wilderness","11/10/25"
"Life on Our Planet: Chapter 1: The Rules of Life","11/8/25"
"Hulk","11/7/25"
"Shazam!","11/5/25"
"The Greatest Teacher: Episode4","11/5/25"
"The Greatest Teacher: Episode3","11/5/25"
"The Greatest Teacher: Episode2","11/5/25"
"The Greatest Teacher: Episode1","11/5/25"
"May I Ask for One Final Thing?: May I Resort to Beating a High Noble to a Pulp After Talking Things out Didn’t Work After All?","11/5/25"
"May I Ask for One Final Thing?: May I Just Make Having People Getting Acquainted With My Fist a Proper Lady's Pastime?","11/5/25"
"Lycoris Recoil: So far, so good","11/5/25"
"With You and the Rain: Friends","11/5/25"
"With You and the Rain: Setting Sun","11/5/25"
"With You and the Rain: Rain on the Horizon","11/4/25"
"May I Ask for One Final Thing?: May I Beat These Evil Nobles (Pigs) to a Pulp for Some Satisfaction?","11/4/25"
"My Status as an Assassin Obviously Exceeds the Hero’s: The Assassin Sleeps on a Bed","11/4/25"
"My Status as an Assassin Obviously Exceeds the Hero’s: The Assassin Calls Her by Her Name","11/4/25"
"My Status as an Assassin Obviously Exceeds the Hero’s: The Assassin Bonds With a Cat","11/4/25"
"My Status as an Assassin Obviously Exceeds the Hero’s: The Assassin Takes on Nursing Duty","11/4/25"
"My Status as an Assassin Obviously Exceeds the Hero’s: The Assassin Eats Bread","11/4/25"
"Lycoris Recoil: Nothing seek, nothing find","11/3/25"
"Lycoris Recoil: More haste, less speed","11/3/25"
"Ouran High School Host Club: Operation Haruhi and Hikaru's First Date!","11/3/25"
"Lycoris Recoil: The more the merrier","11/2/25"
"Lycoris Recoil: Easy does it","11/2/25"
"Men in Black","11/2/25"
"Babah","11/2/25"
"Jalan Pulang","11/2/25"
"White Chicks","11/1/25"
"My Hero Academia: Final Season: History’s Greatest Villain","11/1/25"
"Bon Appétit, Your Majesty: Limited Series: Course N° 12 Hwanseban","10/30/25"
"Bon Appétit, Your Majesty: Limited Series: Course N° 11 Soy Meat Gujeolpan & Eggplant Pie","10/30/25"
"Bon Appétit, Your Majesty: Limited Series: Course N° 10 Joseon Restaurant","10/30/25"
"Bon Appétit, Your Majesty: Limited Series: Course N° 9 Pressure-Cooked Ogyetang","10/29/25"
"Bon Appétit, Your Majesty: Limited Series: Course N° 8 Rice Wine Beef Bourguignon","10/29/25"
"Bon Appétit, Your Majesty: Limited Series: Course N° 7 Dongnae Pajeon on a Rainy Day","10/29/25"
"Bon Appétit, Your Majesty: Limited Series: Course N° 6 Black Sesame Macaron","10/29/25"
"Bon Appétit, Your Majesty: Limited Series: Course N° 5 Snowflake Schnitzel","10/29/25"
"Bon Appétit, Your Majesty: Limited Series: Course N° 4 **** and Spinach Doenjang Soup","10/29/25"
"Ouran High School Host Club: The Refreshing Battle in Karuizawa!","10/29/25"
"Ouran High School Host Club: Covering the Famous Host Club!","10/29/25"
"Ouran High School Host Club: Haruhi in Wonderland!","10/29/25"
"Ouran High School Host Club: Honey's Three Bitter Days!","10/29/25"
"Ouran High School Host Club: Big Brother is a Prince!","10/29/25"
"Morbius","10/29/25"
"Bon Appétit, Your Majesty: Limited Series: Course N° 3 Haute Cuisine","10/28/25"
"Bon Appétit, Your Majesty: Limited Series: Course N° 2 Sous Vide Cuisine","10/28/25"
"Bon Appétit, Your Majesty: Limited Series: Course Nº 1 Gochujang Butter Bibimbap","10/28/25"
"Ouran High School Host Club: A Day in the Life of the Fujioka Family!","10/28/25"
"Ouran High School Host Club: A Challenge from Lobelia Girls' Academy!","10/28/25"
"Ouran High School Host Club: The Sun, the Sea and the Host Club!","10/28/25"
"Ouran High School Host Club: Jungle Pool SOS!","10/28/25"
"The Elixir","10/28/25"
"Ranma1/2: Season 1: Here's Ranma","10/28/25"
"Ouran High School Host Club: Starting Today, You Are a Host!","10/27/25"
"Ouran High School Host Club: The Grade School Host is the Naughty Type!","10/27/25"
"Ouran High School Host Club: The Twins Fight!","10/27/25"
"Ouran High School Host Club: Attack of the Lady Manager!","10/27/25"
"Telaga Suriram","10/26/25"
"Ouran High School Host Club: Beware the Physical Exam!","10/26/25"
"Ouran High School Host Club: The Job of a High School Host!","10/26/25"
"The Fragrant Flower Blooms With Dignity: The Meaning of These Feelings","10/25/25"
"The Fragrant Flower Blooms With Dignity: Coolest Guy Ever","10/25/25"
"Young Sheldon: Season 4: A Musty Crypt and a Stick to Pee On","10/25/25"
"Young Sheldon: Season 4: Bible Camp and a Chariot of Love","10/25/25"
"Young Sheldon: Season 4: Training Wheels and an Unleashed Chicken","10/25/25"
"My Hero Academia: Season 6: Last Stage","10/25/25"
"Young Sheldon: Season 4: A Docent, a Little Lady and a Bouncer Named Dalton","10/25/25"
"Young Sheldon: Season 4: Graduation","10/25/25"
"Young Sheldon: Season 3: A Secret Letter and a Lowly Disc of Processed Meat","10/25/25"
"Young Sheldon: Season 3: A Baby Tooth and the Egyptian God of Knowledge","10/25/25"
"Young Sheldon: Season 3: A House for Sale and Serious Woman Stuff","10/25/25"
"Young Sheldon: Season 3: A Couple Bruised Ribs and a Cereal Box Ghost Detector","10/25/25"
"Young Sheldon: Season 3: An Academic Crime and a More Romantic Taco Bell","10/25/25"
"Young Sheldon: Season 3: Pasadena","10/25/25"
"Young Sheldon: Season 3: A Boyfriend's Ex-Wife and a Good Luck Head Rub","10/24/25"
"Young Sheldon: Season 3: A Slump, A Cross and Roadside Gravel","10/24/25"
"Young Sheldon: Season 3: Contracts, Rules and a Little Bit of Pig Brains","10/24/25"
"Young Sheldon: Season 3: Body Glitter and a Mall Safety Kit","10/24/25"
"Young Sheldon: Season 3: A Live Chicken, A Fried Chicken and Holy Matrimony","10/24/25"
"Young Sheldon: Season 3: Teenager Soup and a Little Ball of Fib","10/24/25"
"Young Sheldon: Season 3: A Party Invitation, Football Grapes and an Earth Chicken","10/24/25"
"Young Sheldon: Season 3: The Sin of Greed and a Chimichanga from Chi-Chi's","10/24/25"
"Young Sheldon: Season 3: Pongo Pygmaeus and a Culture That Encourages Spitting","10/24/25"
"Young Sheldon: Season 3: A Parasol and a Hell of an Arm","10/24/25"
"Young Sheldon: Season 3: A Pineapple and the Bosom of Male Friendship","10/24/25"
"Young Sheldon: Season 3: Hobbitses, Physicses and a Ball with Zip","10/24/25"
"Young Sheldon: Season 3: An Entrepreneurialist and a Swat on the Bottom","10/24/25"
"Young Sheldon: Season 3: A Broom Closet and Satan's Monopoly Board","10/24/25"
"Young Sheldon: Season 3: Quirky Eggheads and Texas Snow Globes","10/24/25"
"Young Sheldon: Season 2: A Swedish Science Thing and the Equation for Toast","10/24/25"
"Young Sheldon: Season 2: A Broken Heart and a Crock Monster","10/24/25"
"Young Sheldon: Season 2: A Proposal and a Popsicle Stick Cross","10/24/25"
"Young Sheldon: Season 2: A Political Campaign and a Candy Land Cheater","10/24/25"
"Young Sheldon: Season 2: A Perfect Score and a Bunsen Burner Marshmallow","10/24/25"
"BOFURI: I Don't Want to Get Hurt, so I'll Max Out My Defense.: Episode 7","10/22/25"
"It Chapter Two","10/21/25"
"Young Sheldon: Season 2: Albert Einstein and the Story of Another Mary","10/21/25"
"Young Sheldon: Season 2: A Loaf of Bread and a Grand Old Flag","10/21/25"
"Young Sheldon: Season 2: A Math Emergency and Perky Palms","10/21/25"
"Young Sheldon: Season 2: David, Goliath and a Yoo-hoo from the Back","10/21/25"
"Young Sheldon: Season 2: A Nuclear Reactor and a Boy Called Lovey","10/21/25"
"Young Sheldon: Season 2: A Tummy Ache and a Whale of a Metaphor","10/19/25"
"Young Sheldon: Season 2: A Race of Superhumans and a Letter to Alf","10/19/25"
"Young Sheldon: Season 2: A Stunted Childhood and a Can of Fancy Mixed Nuts","10/19/25"
"Young Sheldon: Season 2: Family Dynamics and a Red Fiero","10/19/25"
"Young Sheldon: Season 2: An 8-Bit Princess and a Flat Tire Genius","10/19/25"
"Young Sheldon: Season 2: Carbon Dating and a Stuffed Raccoon","10/19/25"
"Young Sheldon: Season 2: Seven Deadly Sins and a Small Carl Sagan","10/19/25"
"Young Sheldon: Season 2: A Research Study and Czechoslovakian Wedding Pastries","10/19/25"
"Young Sheldon: Season 2: A Financial Secret and Fish Sauce","10/19/25"
"Young Sheldon: Season 2: A Crisis of Faith and Octopus Aliens","10/19/25"
"Young Sheldon: Season 2: A Rival Prodigy and Sir Isaac Neutron","10/19/25"
"Young Sheldon: Season 2: A High-Pitched Buzz and Training Wheels","10/19/25"
"Young Sheldon: Season 1: Vanilla Ice Cream, Gentlemen Callers, and a Dinette Set","10/19/25"
"Young Sheldon: Season 1: Summer Sausage, a Pocket Poncho, and Tony Danza","10/19/25"
"Young Sheldon: Season 1: A Dog, a Squirrel, and a Fish Named Fish","10/19/25"
"Young Sheldon: Season 1: Gluons, Guacamole, and the Color Purple","10/19/25"
"Young Sheldon: Season 1: A Mother, a Child, and a Blue Man's Backside","10/18/25"
"Young Sheldon: Season 1: Jiu-Jitsu, Bubble Wrap, and Yoo-hoo","10/18/25"
"Young Sheldon: Season 1: Killer Asteroids, Oklahoma, and a Frizzy Hair Machine","10/18/25"
"Young Sheldon: Season 1: Dolomite, Apple Slices, and a Mystery Woman","10/18/25"
"Young Sheldon: Season 1: Potato Salad, a Broomstick, and Dad's Whiskey","10/18/25"
"Young Sheldon: Season 1: A Sneeze, Detention and Sissy Spacek","10/18/25"
"Young Sheldon: Season 1: A Computer, a Plastic Pony, and a Case of Beer","10/18/25"
"Young Sheldon: Season 1: Demons, Sunday School, and Prime Numbers","10/18/25"
"Plankton: The Movie","10/17/25"
"The Mermaid","10/17/25"
"Karate Kid: Legends","10/17/25"
"Young Sheldon: Season 1: An Eagle Feather, a String Bean, and an Eskimo","10/17/25"
"Young Sheldon: Season 1: Spock, Kirk, and Testicular Hernia","10/17/25"
"Young Sheldon: Season 1: Cape Canaveral, Schrödinger's Cat, and Cyndi Lauper's Hair","10/17/25"
"Young Sheldon: Season 1: A Brisket, Voodoo, and Cannonball Run","10/17/25"
"Young Sheldon: Season 1: A Patch, a Modem, and a Zantac®","10/17/25"
"Young Sheldon: Season 1: A Solar Calculator, a Game Ball, and a Cheerleader's Bosom","10/17/25"
"Young Sheldon: Season 1: A Therapist, a Comic Book, and a Breakfast Sausage","10/17/25"
"Young Sheldon: Season 1: Poker, Faith, and Eggs","10/17/25"
"Young Sheldon: Season 1: Rockets, Communists, and the Dewey Decimal System","10/17/25"
"Young Sheldon: Season 1: Pilot","10/17/25"
"The Woman in Cabin 10","10/15/25"
"Monk Comes Down the Mountain","10/15/25"
"Adolescence: Limited Series: Episode 1","10/15/25"
"JoJo's Bizarre Adventure: Phantom Blood/Battle Tendency: Dio The Invader","10/14/25"
"From Me to You: Kimi ni Todoke: After School","10/14/25"
"From Me to You: Kimi ni Todoke: Seating Change","10/14/25"
"From Me to You: Kimi ni Todoke: Prologue","10/14/25"
"The Fragrant Flower Blooms With Dignity: Self-Loathing / I Love You!","10/14/25"
"The Fragrant Flower Blooms With Dignity: Premonition of a New Beginning","10/14/25"
"The Fragrant Flower Blooms With Dignity: Warmth of the Heart","10/14/25"
"The Disastrous Life of Saiki K.: Season 1: Episode 24","10/13/25"
"The Disastrous Life of Saiki K.: Season 1: Episode 23","10/13/25"
"The Disastrous Life of Saiki K.: Season 1: Episode 22","10/13/25"
"A Terrified Teacher at Ghoul School!: Welcome to Hyakki Academy!","10/13/25"
"The SpongeBob Movie: Sponge on the Run","10/1/25"
"Magic and Muscles: Mash Burnedead and the Body of the Gods","9/30/25"
"Magic and Muscles: Mashle: Magic And Muscles The Divine Visionary Candidate Exam Arc: Rayne Ames and God’s Gift","9/30/25"
"Magic and Muscles: Mashle: Magic And Muscles The Divine Visionary Candidate Exam Arc: Mash Burnedead and the Home Visit","9/29/25"
"Magic and Muscles: Mash Burnedead and the Survival of the Fittest","9/28/25"
"Magic and Muscles: Mash Burnedead and the Divine Visionary","9/28/25"
"Magic and Muscles: Mash Burnedead and the Accelerated Battle","9/28/25"
"Magic and Muscles: Mash Burnedead and the Wolves of Magic","9/28/25"
"Magic and Muscles: Mash Burnedead and the Puppet Master","9/28/25"
"Magic and Muscles: Mash Burnedead and the Magic of Iron","9/28/25"
"Magic and Muscles: Mash Burnedead and the Unpopular Classmate","9/28/25"
"Magic and Muscles: Mash Burnedead and the Strong Mage","9/28/25"
"SAKAMOTO DAYS: Each One's Mission","9/28/25"
"SAKAMOTO DAYS: Hard Mode","9/28/25"
"My Hero Academia: Season 3: One For All","9/28/25"
"The Summer Hikaru Died: Replacement","9/27/25"
"SAKAMOTO DAYS: Mutual Fans","9/26/25"
"SAKAMOTO DAYS: Exam, Stage Three","9/26/25"
"SAKAMOTO DAYS: Kanaguri","9/26/25"
"SAKAMOTO DAYS: Have a nice fight","9/26/25"
"SAKAMOTO DAYS: Slice Slice Dance","9/26/25"
"My Hero Academia: Vigilantes: Season 1: I'm Here","9/22/25"
"Solo Leveling: On to the Next Target","9/22/25"
"Solo Leveling: It was All Worth It","9/22/25"
"Solo Leveling: The 10th S-rank Hunter","9/22/25"
"Solo Leveling: Don’t Look Down on My Guys","9/22/25"
"Solo Leveling: This is What We’re Trained to Do","9/21/25"
"Solo Leveling: I Need to Stop Faking","9/21/25"
"Solo Leveling: You aren’t E-rank, are You","9/21/25"
"Solo Leveling: Arise","9/21/25"
"Solo Leveling: A Knight Who Defends an Empty Throne","9/21/25"
"Solo Leveling: What Is This, a Picnic?","9/21/25"
"Solo Leveling: You've Been Hiding Your Skills","9/21/25"
"Solo Leveling: This Is Frustrating","9/21/25"
"Solo Leveling: Let’s See How Far I Can Go","9/21/25"
"Until Dawn","9/21/25"
"Our Oceans: Indian Ocean","9/21/25"
"Zero Day: Limited Series: Episode 1","9/21/25"
"Solo Leveling: The Real Hunt Begins","9/20/25"
"Solo Leveling: A Pretty Good Deal","9/20/25"
"Solo Leveling: It's Like a Game","9/20/25"
"Solo Leveling: If I Had One More Chance","9/20/25"
"Solo Leveling: I'm Used to It","9/20/25"
"World War Z","9/20/25"
"KPop Demon Hunters Sing-Along","9/20/25"
"Bungo Stray Dogs: The Tragedy of the Fatalist","9/19/25"
"Out of the Nest","9/19/25"
"Bungo Stray Dogs: Yokohama Gangster Paradise","9/17/25"
"Bungo Stray Dogs: A Certain Bomb","9/17/25"
"Bungo Stray Dogs: Fortune Is Unpredictable and Mutable","9/17/25"
"Bungo Stray Dogs: First, an Unsuitable Profession for Her. Second, an Ecstatic Detective Agency","9/17/25"
"CJ7","9/16/25"
"The Exorcist: Believer","9/15/25"
"Transformers: Rise of the Beasts","9/15/25"
"Blood Brothers: Fury of the Dragon","9/15/25"
"Saving Bikini Bottom: The Sandy Cheeks Movie","9/13/25"
"Love Untangled","9/10/25"
"Strange Frequencies: Taiwan Killer Hospital","9/10/25"
"My Hero Academia: Season 3: Symbol of Peace","9/7/25"
"My Hero Academia: Season 3: All For One","9/7/25"
"My Hero Academia: Season 3: From Iida to Midoriya","9/7/25"
"Tomb Watcher","9/7/25"
"My Hero Academia: Season 3: What a Twist!","9/6/25"
"My Hero Academia: Season 3: Roaring Upheaval","9/6/25"
"My Hero Academia: Season 3: Drive It Home, Iron Fist!!!","9/6/25"
"My Hero Academia: Season 3: My Hero","9/6/25"
"My Hero Academia: Season 3: Kota","9/6/25"
"My Hero Academia: Season 3: Wild, Wild Pussycats","9/6/25"
"The Boss Baby: Back in the Crib: Season 1: Sitting Ducks","9/5/25"
"The Boss Baby: Back in the Crib: Season 1: Birthday Blues","9/5/25"
"The Boss Baby: Back in the Crib: Season 1: Techy Tykes","9/5/25"
"The Boss Baby: Back in the Crib: Season 1: War of the Cheeks","9/5/25"
"The Boss Baby: Back in the Crib: Season 1: Trading Up","9/5/25"
"The Boss Baby: Back in the Crib: Season 1: Turf War","9/5/25"
"The Boss Baby: Back in the Crib: Season 1: Imaginary Friends","9/5/25"
"The Boss Baby: Back in the Crib: Season 1: Potty Mouth","9/5/25"
"The Boss Baby: Back in the Crib: Season 1: The Stroll","9/5/25"
"The Boss Baby: Back in the Crib: Season 1: The Business Boss: Back in Baby","9/5/25"
"The Boss Baby: Back in Business: Season 2: El Apasionado Negocio de la Niñera","9/4/25"
"The Boss Baby: Back in Business: Season 2: Fugitive's Day Out","9/4/25"
"The Boss Baby: Back in Business: Season 2: Night of the Frodarg","9/4/25"
"The Boss Baby: Back in Business: Season 2: Hush, Little Baby","9/4/25"
"The Boss Baby: Back in Business: Season 2: P.U.","9/4/25"
"My Hero Academia: Season 3: Game Start","9/3/25"
"My Hero Academia: Season 2: Encounter","9/3/25"
"My Hero Academia: Season 2: Katsuki Bakugo: Origin","9/3/25"
"My Hero Academia: Season 2: Stripping the Varnish","9/3/25"
"My Hero Academia: Season 2: Yaoyorozu: Rising","9/3/25"
"My Hero Academia: Season 2: Gear up for Final Exams","9/3/25"
"My Hero Academia: Season 2: Listen Up!! A Tale from the Past","9/3/25"
"My Hero Academia: Season 2: Everyone's Internships","9/3/25"
"Leave the World Behind","9/3/25"
"Frozen Hot Boys","9/3/25"
"My Hero Academia: Season 2: The Aftermath of Hero Killer: Stain","9/2/25"
"My Hero Academia: Season 2: Climax","9/2/25"
"My Hero Academia: Season 2: Hero Killer: Stain vs U.A. Students","9/2/25"
"My Hero Academia: Season 2: Midoriya and Shigaraki","9/2/25"
"My Hero Academia: Season 2: Bizarre! Gran Torino Appears","9/2/25"
"My Hero Academia: Season 2: Time to Pick Some Names","9/2/25"
"My Hero Academia: Season 2: Cavalry Battle Finale","9/2/25"
"My Hero Academia: Season 2: Strategy, Strategy, Strategy","9/2/25"
"My Hero Academia: Season 2: In Their Own Quirky Ways","9/2/25"
"My Hero Academia: Season 2: Roaring Sports Festival","9/2/25"
"My Hero Academia: Season 2: That's the Idea, Ochaco","9/2/25"
"My Hero Academia: Season 1: In Each of our Hearts","9/2/25"
"My Hero Academia: Season 1: All Might","9/2/25"
"DAN DA DAN: Season 2: We Became a Family","9/2/25"
"DAN DA DAN: Season 1: That's a Space Alien, Ain't It?!","9/2/25"
"The Boss Baby: Back in Business: Season 2: Super Cool Big Kids Inc.","9/1/25"
"The Boss Baby: Back in Business: Season 2: As the Diaper Changes","9/1/25"
"The Boss Baby: Back in Business: Season 1: Six Well-Placed Kittens","9/1/25"
"The Boss Baby: Back in Business: Season 1: Hang in There, Baby","9/1/25"
"The Boss Baby: Back in Business: Season 1: Cat Cop!","9/1/25"
"My Hero Academia: Season 1: Game Over","9/1/25"
"My Hero Academia: Heroes Rising","9/1/25"
"The Boss Baby: Back in Business: Season 1: Par Avion","9/1/25"
"The Boss Baby: Back in Business: Season 1: Spirit Day","9/1/25"
"My Hero Academia: Season 1: Encounter with the Unknown","9/1/25"
"The Boss Baby: Back in Business: Season 1: Into the Belly of the Den of the House of the Nest of Cats","9/1/25"
"My Hero Academia: Season 1: Yeah, Just Do Your Best, Iida!","9/1/25"
"My Hero Academia: Season 1: Bakugo's Start Line","9/1/25"
"The Boss Baby: Back in Business: Season 1: The Boss Babysitter","9/1/25"
"The Boss Baby: Back in Business: Season 1: The Constipation Situation","9/1/25"
"The Boss Baby: Back in Business: Season 1: Monster Machine","9/1/25"
"The Boss Baby: Back in Business: Season 1: Formula for Menace:  A Dekker Moonboots Mystery","9/1/25"
"The Boss Baby: Back in Business: Season 1: Family Fun Night","9/1/25"
"The Boss Baby: Back in Business: Season 1: Cat's in the Cradle","9/1/25"
"The Boss Baby: Back in Business: Season 1: Scooter Buskie","9/1/25"
"The Boss Baby: Back in Business: Season 4: Theo 100","9/1/25"
"The Boss Baby: Back in Business: Season 4: Teambuilding","9/1/25"
"The Boss Baby: Back in Business: Season 4: The Fumbling of Football Mike","9/1/25"
"The Boss Baby: Back in Business: Season 4: Boom Baby","9/1/25"
"The Boss Baby: Back in Business: Season 4: Baby Boss","9/1/25"
"The Boss Baby: Back in Business: Season 4: Chicago","9/1/25"
"The Boss Baby: Back in Business: Season 4: OCB","8/30/25"
"The Boss Baby: Back in Business: Season 4: Night Owls","8/30/25"
"The Boss Baby: Back in Business: Season 4: Game Plan","8/30/25"
"The Boss Baby: Back in Business: Season 4: Conference Room B","8/30/25"
"Freelance","8/30/25"
"The Worst Witch: Season 1: The First Witch","8/28/25"
"The Worst Witch: Season 1: Maud's Big Mistake","8/28/25"
"The Worst Witch: Season 1: The Best Teacher","8/28/25"
"The Worst Witch: Season 1: The Great Wizard's Visit","8/28/25"
"The Worst Witch: Season 1: Pond Life","8/28/25"
"The Worst Witch: Season 1: New Girl","8/28/25"
"The Worst Witch: Season 1: Tabby","8/28/25"
"The Worst Witch: Season 1: Selection Day","8/28/25"
"Monster Trucks","8/28/25"
"Old People","8/27/25"
"No One Gets Out Alive","8/27/25"
"Under the Shadow","8/27/25"
"Case 39","8/27/25"
"BoBoiBoy Movie 2","8/26/25"
"Legion","8/26/25"
"Grizzy and the Lemmings: Season 2: Bear Predictions","8/26/25"
"Grizzy and the Lemmings: Season 2: High-Risk Driving","8/26/25"
"Grizzy and the Lemmings: Season 2: Good Bear, Bad Bear","8/26/25"
"Grizzy and the Lemmings: Season 2: No See, No Do","8/26/25"
"Grizzy and the Lemmings: Season 2: Hat Tricks","8/26/25"
"Grizzy and the Lemmings: Season 2: Weightless Bear","8/26/25"
"Grizzy and the Lemmings: Season 2: Call Of The Bear","8/26/25"
"Grizzy and the Lemmings: Season 2: Yummy Fly","8/26/25"
"Grizzy and the Lemmings: Season 2: Irresistible Bear","8/26/25"
"Grizzy and the Lemmings: Season 2: Timeless Bear","8/26/25"
"Grizzy and the Lemmings: Season 2: Lemmings Kit","8/26/25"
"Grizzy and the Lemmings: Season 2: Fountain Of Bear Youth","8/26/25"
"Grizzy and the Lemmings: Season 2: Carried Away Bear","8/26/25"
"Grizzy and the Lemmings: Season 2: Ice & Bears","8/26/25"
"Grizzy and the Lemmings: Season 2: Camping In The Wild","8/26/25"
"Grizzy and the Lemmings: Season 1: Grizzy the Wizard","8/26/25"
"Grizzy and the Lemmings: Season 1: Mirror, Mirror on the Wall","8/26/25"
"Meg 2: The Trench","8/26/25"
"Mission Majnu","8/26/25"
"Dongalunnaru Jagratha","8/26/25"
"Scouts Guide to the Zombie Apocalypse","8/26/25"
"The Looney Tunes Show: Season 2: Customer Service","8/25/25"
"The Looney Tunes Show: Season 2: Father Figures","8/25/25"
"The Looney Tunes Show: Season 2: Semper Lie","8/25/25"
"The Looney Tunes Show: Season 2: Rebel Without a Glove","8/25/25"
"The Looney Tunes Show: Season 2: Itsy Bitsy Gopher","8/25/25"
"The Looney Tunes Show: Season 2: You've Got Hate Mail","8/25/25"
"The Looney Tunes Show: Season 2: Bobcats on Three","8/25/25"
"Guillermo del Toro’s Pinocchio","8/24/25"
"Geostorm","8/23/25"
"Maa","8/23/25"
"The Djinn's Curse","8/22/25"
"Flightplan","8/22/25"
"Family Pack","8/21/25"
"The Call","8/21/25"
"The Amazing Spider-Man 2","8/21/25"
"The Karate Kid","8/21/25"
"Mr. Peabody & Sherman","8/20/25"
"Sheriff: Narko Integriti","8/20/25"
"Zathura: A Space Adventure","8/19/25"
"Conquer: Lahad Datu","8/19/25"
"Space Jam","8/18/25"
"Ruby Gillman, Teenage Kraken","8/18/25"
"The Amazing Spider-Man","8/18/25"
"Elektra","8/17/25"
"Norma: Antara Mertua dan Menantu","8/17/25"
"2nd Miracle in Cell No. 7","8/17/25"
"The Garfield Movie","8/17/25"
"Brightburn","8/17/25"
"Sugar Mill","8/17/25"
"Grizzy and the Lemmings: Season 1: Wandering Spirits","8/15/25"
"Grizzy and the Lemmings: Season 1: Clean Bear","8/15/25"
"Grizzy and the Lemmings: Season 1: Halloween Bear","8/15/25"
"Grizzy and the Lemmings: Season 1: Ranger Lemming","8/15/25"
"Grizzy and the Lemmings: Season 1: Bear Game","8/15/25"
"Grizzy and the Lemmings: Season 1: Piñata Party","8/15/25"
"Grizzy and the Lemmings: Season 1: Shaken-Up Bear","8/15/25"
"Grizzy and the Lemmings: Season 1: Transformational Bear","8/15/25"
"Grizzy and the Lemmings: Season 1: Sniffer Raccoon","8/15/25"
"Grizzy and the Lemmings: Season 1: Lemmings in Space","8/15/25"
"Grizzy and the Lemmings: Season 1: Lemmings Under Pressure","8/15/25"
"Grizzy and the Lemmings: Season 1: Augmented Bear","8/15/25"
"Grizzy and the Lemmings: Season 1: Snow Lemmings","8/15/25"
"Grizzy and the Lemmings: Season 1: Lemming Blues","8/15/25"
"Grizzy and the Lemmings: Season 1: Bear Under Lock and Key","8/15/25"
"Grizzy and the Lemmings: Season 1: Babysitting","8/15/25"
"Grizzy and the Lemmings: Season 1: Get Off My Tennis Shoes","8/15/25"
"Grizzy and the Lemmings: Season 1: The Bear and the Butterfly","8/15/25"
"Grizzy and the Lemmings: Season 1: Remote Control","8/15/25"
"Grizzy and the Lemmings: Season 1: Chemical Lemmings","8/15/25"
"The Monkey King","8/15/25"
"Wednesday: Season 1: Quid Pro Woe","8/15/25"
"Wednesday: Season 1: You Reap What You Woe","8/15/25"
"Wednesday: Season 1: Woe What a Night","8/15/25"
"Wednesday: Season 1: Friend or Woe","8/15/25"
"Wednesday: Season 1: Woe Is the Loneliest Number","8/15/25"
"Wednesday: Season 1: Wednesday's Child Is Full of Woe","8/15/25"
"Corpse Bride","8/14/25"
"Gnome Alone","8/7/25"
"Numberblocks: Blockzilla","8/6/25"
"Numberblocks: One Upon a Time","8/6/25"
"Numberblocks: Hide and Seek","8/6/25"
"Numberblocks: Holes","8/6/25"
"Numberblocks: The Terrible Twos","8/6/25"
"Numberblocks: The Whole of Me","8/6/25"
"Numberblocks: Stampolines","8/6/25"
"Numberblocks: How to Count","8/6/25"
"Numberblocks: Off We Go!","8/6/25"
"Numberblocks: Three Little Pigs","8/6/25"
"Numberblocks: Five","8/6/25"
"Numberblocks: Four","8/6/25"
"Numberblocks: One,Two, Three!","8/6/25"
"Numberblocks: Three","8/6/25"
"Numberblocks: Two","8/6/25"
"Numberblocks: Another One","8/6/25"
"Numberblocks: One","8/6/25"
"SpongeBob SquarePants: Season 8: Hello Bikini Bottom!","8/6/25"
"SpongeBob SquarePants: Season 8: The Good Krabby Name / Move It or Lose It","8/6/25"
"The Reason Why Raeliana Ended up at the Duke's Mansion: Episode 5","8/6/25"
"SpongeBob SquarePants: Season 8: Super Evil Aquatic Villain Team Up Is Go! / Chum Fricassee","8/6/25"
"SpongeBob SquarePants: Season 8: It's a SpongeBob Christmas!","8/6/25"
"SpongeBob SquarePants: Season 8: Treats!!! / For Here or To Go?","8/6/25"
"SpongeBob SquarePants: Season 8: Squiditis / Demolition Doofus","8/6/25"
"SpongeBob SquarePants: Season 8: Face Freeze / Glove World R.I.P.","8/6/25"
"SpongeBob SquarePants: Season 8: Karen 2.0 / InSpongeiac","8/6/25"
"SpongeBob SquarePants: Season 8: Free Samples / Home Sweet Rubble","8/6/25"
"SpongeBob SquarePants: Season 8: Are You Happy Now? / Planet of the Jellyfish","8/6/25"
"SpongeBob SquarePants: Season 8: Restraining SpongeBob / Fiasco!","8/6/25"
"SpongeBob SquarePants: Season 8: The Krabby Patty That Ate Bikini Bottom / Bubble Buddy Returns","8/6/25"
"SpongeBob SquarePants: Season 8: Bubble Troubles / The Way of the Sponge","8/6/25"
"Woody Woodpecker","8/5/25"
"SpongeBob SquarePants: Season 8: House Sittin’ for Sandy / Smoothe Jazz at Bikini Bottom","8/5/25"
"SpongeBob SquarePants: Season 8: Barnacle Face / Pet Sitter Pat","8/5/25"
"SpongeBob SquarePants: Season 8: Mermaidman Begins / Plankton's Good Eye","8/5/25"
"SAKAMOTO DAYS: Round and Round the Tower","8/5/25"
"Gachiakuta: Cleaner HQ","8/5/25"
"My Melody & Kuromi: What's This? My Heart is Pounding","8/5/25"
"Jungle Beat: The Movie","8/4/25"
"Monster Hunter: Legends of the Guild","8/4/25"
"Trainwreck: The Astroworld Tragedy","8/3/25"
"SpongeBob SquarePants: Season 8: Ghoul Fools","8/3/25"
"SpongeBob SquarePants: Season 8: Mooncation / Mr. Krabs Takes a Vacation","8/3/25"
"SpongeBob SquarePants: Season 8: Patrick's Staycation / Walking the Plankton","8/3/25"
"SpongeBob SquarePants: Season 8: A SquarePants Family Vacation","8/3/25"
"SpongeBob SquarePants: Season 8: Sweet & Sour Squid / The Googly Artiste","8/3/25"
"SpongeBob SquarePants: Season 8: Squidward's School for Grown-Ups / Oral Report","8/3/25"
"SpongeBob SquarePants: Season 8: Frozen Face-Off","8/3/25"
"SpongeBob SquarePants: Season 8: A Friendly Game / Sentimental Sponge","8/3/25"
"SpongeBob SquarePants: Season 9: Mutiny on the Krusty/The Whole Tooth","8/3/25"
"SpongeBob SquarePants: Season 9: Pineapple Invasion/Salsa Imbecilicus","8/3/25"
"The Bad Guys: Haunted Heist","8/3/25"
"Trolls: The Beat Goes On!: Season 8: Queen of the Castle / Truth or Dare","8/3/25"
"Trolls Holiday Special","8/3/25"
"The Christmas Chronicles: Part Two","8/2/25"
"Venom: The Last Dance","8/2/25"
"Takopi's Original Sin: To You in 2016","8/2/25"
"Takopi's Original Sin: To All of You in 2016","8/2/25"
"DAN DA DAN: Season 1: That's How Love Starts, Ya Know!","8/2/25"
"DAN DA DAN: Season 2: We Can All Stay There Together!","8/2/25"
"Komang","8/1/25"
"The Magician's Elephant","8/1/25"
"Secret Magic Control Agency","8/1/25"
"The Last Voyage of the Demeter","8/1/25"
"PAW Patrol: The Mighty Movie","8/1/25"
"The Terminal","8/1/25"
"NASA+ Live on Netflix: NASA’s SpaceX Crew-11 Launch","7/31/25"
"Monster Island","7/31/25"
"A Normal Woman","7/31/25"
"Happy Gilmore 2","7/31/25"
"Untold","7/31/25"
"Green Snake","7/30/25"
"Dolittle","7/30/25"
"Gachiakuta: The Ground","7/29/25"
"SAKAMOTO DAYS: Strong Assault","7/29/25"
"Kaiju No. 8: Season 2: Special episode: Hoshina's Day Off","7/29/25"
"Takopi's Original Sin: To You in 2022","7/29/25"
"DAN DA DAN: Season 2: That's, Like, Way Deadly","7/29/25"
"DAN DA DAN: Season 2: You Won’t Get Away With This","7/29/25"
"DAN DA DAN: Season 2: The Evil Eye","7/29/25"
"DAN DA DAN: Season 2: Like, This Is the Legend of the Giant Snake","7/29/25"
"A Tale Dark & Grimm: Limited Series: Chapter the Fourth: The Monster Within","7/28/25"
"A Tale Dark & Grimm: Limited Series: Chapter the Third: Brother and Sister","7/28/25"
"A Tale Dark & Grimm: Limited Series: Chapter the Second: The Seven Swallows","7/28/25"
"A Tale Dark & Grimm: Limited Series: Chapter the First: Hansel and Gretel","7/28/25"
"Rise of the Guardians","7/28/25"
"Grown Ups 2","7/28/25"
"The Fragrant Flower Blooms With Dignity: A Kind Person","7/27/25"
"Alvin and the Chipmunks: The Squeakquel","7/26/25"
"Alvin and the Chipmunks","7/26/25"
"I Left My A-Rank Party to Help My Former Students Reach the Dungeon Depths!: Overflow","7/26/25"
"I Left My A-Rank Party to Help My Former Students Reach the Dungeon Depths!: The Forest Where a Magic Beast Dwells","7/26/25"
"I Left My A-Rank Party to Help My Former Students Reach the Dungeon Depths!: The Birth of Clover","7/26/25"
"I Left My A-Rank Party to Help My Former Students Reach the Dungeon Depths!: The Golden Priestess","7/26/25"
"Ghostbusters: Frozen Empire","7/25/25"
"Asterix & Obelix: The Big Fight: Limited Series: Episode I","7/25/25"
"Upin&Ipin: Season 5: Back To School","7/25/25"
"Ghetto Boys vs. The Ghost of Liang Mui","7/25/25"
"Pamali: The Corpse Village","7/25/25"
"Masha and the Bear: Season 1: First Day of School / The Grand Piano Lesson / No Trespassing!","7/24/25"
"Masha and the Bear: Season 1: Recipe for Disaster / Hold Your Breath! / The Foundling","7/24/25"
"Masha and the Bear: Season 1: Holiday on Ice / Hocus-Pocus / Little Cousin","7/24/25"
"Masha and the Bear: Season 1: Laundry Day / Hide and Seek is Not for the Weak / Home Improvement","7/24/25"
"Masha and the Bear: Season 1: Gone Fishing! / Stripes and Whiskers / Call Me Please!","7/24/25"
"Masha and the Bear: Season 1: Tracks of Unknown Animals / Watch Out! / Home Alone","7/24/25"
"Masha and the Bear: Season 1: Jam Day / Prances with Wolves / Springtime for Bear","7/24/25"
"Masha and the Bear: Season 1: How They Met / Don’t Wake Till Spring! / One, Two, Three! Light the Christmas Tree!","7/24/25"
"Masha and the Bear: Season 3: Coming Back Ain't Easy / The Very Fairy Tale / Rock-a-Bye, Baby!","7/24/25"
"New Kongsuni and Friends: Season 1: Codey's Treasure Hunt! / Chasing Rainbows!","7/24/25"
"New Kongsuni and Friends: Season 1: Teamwork Time! / Save the Pepper!","7/24/25"
"New Kongsuni and Friends: Season 1: The Mystery Egg! / Take a Nap, Codey!","7/24/25"
"New Kongsuni and Friends: Season 1: The Soccer Master! / The Forest of Imagination!","7/24/25"
"New Kongsuni and Friends: Season 1: Protect the Bun! / A Song from the Forest","7/24/25"
"New Kongsuni and Friends: Season 1: Copycats!  / Superhero Timmy!","7/24/25"
"New Kongsuni and Friends: Season 1: Origami Contest! / Let’s Eat Watermelon!","7/24/25"
"New Kongsuni and Friends: Season 1: I Want to Ride a Bike! / Curie Needs a Bath!","7/24/25"
"New Kongsuni and Friends: Season 1: Stop the Hiccups! / Let's Take a Picture!","7/24/25"
"New Kongsuni and Friends: Season 1: Beach Day! / Let's Plant Seeds","7/24/25"
"New Kongsuni and Friends: Season 1: The Painting Adventure / Let’s Pick Raspberries!","7/24/25"
"New Kongsuni and Friends: Season 1: The Welcome Party! / Oh No, A Ghost?!","7/24/25"
"New Kongsuni and Friends: Season 1: Hi! I'm Kongsuni! / Let’s All Clean Up Together","7/24/25"
"That Christmas","7/24/25"
"Brick","7/24/25"
"The Red Envelope","7/24/25"
"Wall to Wall","7/23/25"
"Gachiakuta: The Sphere","7/23/25"
"UNTAMED: El-o’-win","7/23/25"
"UNTAMED: Jane Doe","7/23/25"
"UNTAMED: A Celestial Event","7/23/25"
"SAKAMOTO DAYS: Just Desserts","7/22/25"
"Takopi's Original Sin: Azuma's Salvation","7/22/25"
"Wind Breaker: Season 2: Strength For Another","7/22/25"
"Wind Breaker: Season 2: After the Storm","7/22/25"
"Wind Breaker: Season 2: Salvation","7/22/25"
"Wind Breaker: Season 2: Shall We Dance?","7/22/25"
"Black Hawk Down","7/22/25"
"The Good Nurse","7/21/25"
"Grizzy and the Lemmings: Season 1: As Far as Bear Can Remember","7/21/25"
"Grizzy and the Lemmings: Season 1: Crash Training Course","7/21/25"
"Grizzy and the Lemmings: Season 1: The Bear that Laid Golden Eggs","7/21/25"
"Grizzy and the Lemmings: Season 1: Bear Fractions","7/21/25"
"Grizzy and the Lemmings: Season 1: Sonata in Bear Major","7/21/25"
"Grizzy and the Lemmings: Season 1: Lemmings Indigestion","7/21/25"
"Grizzy and the Lemmings: Season 1: No Entrance!","7/21/25"
"Grizzy and the Lemmings: Season 1: Inspector Grizzy","7/21/25"
"Grizzy and the Lemmings: Season 1: Bear Prints","7/21/25"
"Grizzy and the Lemmings: Season 1: Voodoo Blanket","7/21/25"
"Grizzy and the Lemmings: Season 1: Intellectual Bear","7/21/25"
"Grizzy and the Lemmings: Season 1: Bling Bling Bear","7/21/25"
"Grizzy and the Lemmings: Season 1: Manufacturing Secret","7/21/25"
"The Fragrant Flower Blooms With Dignity: Chidori and Kikyo","7/21/25"
"Maya and the Three: Limited Series: Chapter 2: The Prophecy","7/21/25"
"Maya and the Three: Limited Series: Chapter 1: Quinceañera","7/21/25"
"Wind Breaker: Season 2: Shared Frontlines","7/20/25"
"Wind Breaker: Season 2: Night Street","7/20/25"
"Wind Breaker: Season 2: Hidden Feelings","7/20/25"
"Wind Breaker: Season 2: A Place I Belong","7/20/25"
"Wind Breaker: Season 2: The Senpai’s Teachings","7/20/25"
"Wind Breaker: Season 2: Re:start","7/20/25"
"Wind Breaker: Season 2: Conclusion","7/20/25"
"Wind Breaker: Season 2: Rage","7/20/25"
"Wind Breaker: Season 1: A Gentleman","7/20/25"
"Maya and the Three: Limited Series: Chapter 4: The Skull","7/19/25"
"Atlas","7/19/25"
"Bird Box","7/18/25"
"Infinite","7/18/25"
"200KG Vampire","7/18/25"
"Upin & Ipin: The Lone Gibbon Kris","7/18/25"
"Lilim","7/17/25"
"The Reason Why Raeliana Ended up at the Duke's Mansion: Episode 4","7/16/25"
"The Reason Why Raeliana Ended up at the Duke's Mansion: Episode 3","7/16/25"
"The Reason Why Raeliana Ended up at the Duke's Mansion: Episode 2","7/16/25"
"The Reason Why Raeliana Ended up at the Duke's Mansion: Episode 1","7/16/25"
"Ziam","7/16/25"
"SAKAMOTO DAYS: Overload","7/15/25"
"Girl That Can See It: Episode 1","7/14/25"
"The Fragrant Flower Blooms With Dignity: Rintaro and Kaoruko","7/14/25"
"Umamusume: Cinderella Gray: Finally, a Star","7/14/25"
"Gachiakuta: The Inhabited","7/14/25"
"The Apothecary Diaries: Season 1: The Eunuch and the Courtesan","7/13/25"
"Drifting Home","7/13/25"
"Horimiya: page11 It May Seem Like Hate","7/13/25"
"Jujutsu Kaisen: Season 1: Curse Womb Must Die","7/13/25"
"Tougen Anki: Oni’s Blood","7/13/25"
"The Apothecary Diaries: Season 2: The Beginning","7/13/25"
"Takopi's Original Sin: Takopi's Confession","7/13/25"
"Takopi's Original Sin: Takopi's Salvation","7/13/25"
"Matilda","7/11/25"
"A Brother and 7 Siblings","7/10/25"
"Cast Away","7/9/25"
"My Hero Academia: Vigilantes: Season 1: What a Man Takes with Him","7/5/25"
"Black Crab","7/5/25"
"Oppenheimer","7/5/25"
"Cocaine Bear","7/4/25"
"Pangolin: Kulu’s Journey","7/4/25"
"Journey 2: The Mysterious Island","7/4/25"
"Sleep Paralysis","7/4/25"
"The Butterfly House","7/4/25"
"Paddington in Peru","7/3/25"
"Battle: Los Angeles","7/3/25"
"A Terrified Teacher at Ghoul School!: For the future with Renren, Hyakki Academy's teachers will do their best!","6/30/25"
"Shark Whisperer","6/30/25"
"A Terrified Teacher at Ghoul School!: Gashadokuro Kuniko Utagawa","6/29/25"
"A Terrified Teacher at Ghoul School!: Goodbye Renren","6/29/25"
"A Terrified Teacher at Ghoul School!: Parallel Night Parade Cultural Festival","6/29/25"
"A Terrified Teacher at Ghoul School!: Night Parade Cultural Festival","6/29/25"
"A Terrified Teacher at Ghoul School!: Welcome aboard the Ghoul Train","6/29/25"
"A Terrified Teacher at Ghoul School!: Temporary Teacher, Mr. Ebisu","6/29/25"
"The Apothecary Diaries: Season 1: Thornapple","6/29/25"
"The Apothecary Diaries: Season 1: Chance or Something More","6/29/25"
"The Apothecary Diaries: Season 1: Maomao","6/29/25"
"The Apothecary Diaries: Season 2: The Shi Clan","6/29/25"
"The Apothecary Diaries: Season 1: The Garden Party","6/29/25"
"Men in Black II","6/26/25"
"28 Weeks Later","6/26/25"
"The Train of Death","6/25/25"
"A Terrified Teacher at Ghoul School!: Summer Sea! Eh? It's August 31…","6/24/25"
"A Terrified Teacher at Ghoul School!: The Great Hyakki Academy Island Chase!!","6/24/25"
"My Hero Academia: Vigilantes: Season 1: Goodbye to Dad","6/24/25"
"A Terrified Teacher at Ghoul School!: Haruaki Abe and Shutendoji","6/24/25"
"A Terrified Teacher at Ghoul School!: The Zashiki Guesthouse","6/24/25"
"A Terrified Teacher at Ghoul School!: The Cursed Ancient Book","6/24/25"
"A Terrified Teacher at Ghoul School!: The Search for Haruaki in Tokyo!!","6/24/25"
"A Terrified Teacher at Ghoul School!: The Three-Party Talk in Hell!","6/23/25"
"A Terrified Teacher at Ghoul School!: The Terrifying Summer Camp","6/23/25"
"A Terrified Teacher at Ghoul School!: Help, Seimei! Animal Ghoul Kidnapping Incident!!","6/23/25"
"A Terrified Teacher at Ghoul School!: Amaaki, Momoyama, and the Naked Party","6/23/25"
"A Terrified Teacher at Ghoul School!: The Ghoul School Sports Day!! The Decisive Battle","6/23/25"
"A Terrified Teacher at Ghoul School!: Ghoul School Sports Day","6/23/25"
"The Aristocrat’s Otherworldly Adventure: Serving Gods Who Go Too Far: Episode 1","6/23/25"
"The Aristocrat’s Otherworldly Adventure: Serving Gods Who Go Too Far: Episode 12","6/23/25"
"The Aristocrat’s Otherworldly Adventure: Serving Gods Who Go Too Far: Episode 11","6/23/25"
"The Aristocrat’s Otherworldly Adventure: Serving Gods Who Go Too Far: Episode 10","6/23/25"
"The Aristocrat’s Otherworldly Adventure: Serving Gods Who Go Too Far: Episode 9","6/23/25"
"The Aristocrat’s Otherworldly Adventure: Serving Gods Who Go Too Far: Episode 8","6/23/25"
"The Aristocrat’s Otherworldly Adventure: Serving Gods Who Go Too Far: Episode 7","6/23/25"
"The Aristocrat’s Otherworldly Adventure: Serving Gods Who Go Too Far: Episode 6","6/23/25"
"The Aristocrat’s Otherworldly Adventure: Serving Gods Who Go Too Far: Episode 5","6/23/25"
"The Apothecary Diaries: Season 1: Covert Operations","6/23/25"
"The Apothecary Diaries: Season 1: The Threat","6/23/25"
"Ejen Ali: Season 2: Mission: Analogue","6/22/25"
"Ejen Ali: Season 2: Mission: Game On","6/22/25"
"Ejen Ali: Season 2: Mission: Orientation","6/22/25"
"Ejen Ali: Season 2: Mission: Academy","6/22/25"
"Ejen Ali: Season 1: Mission: Override","6/22/25"
"Ejen Ali: Season 1: Mission: Uno","6/22/25"
"Ejen Ali: Season 1: Mission: Evidence","6/22/25"
"Ejen Ali: Season 1: Mission: Sensational","6/22/25"
"Ejen Ali: Season 1: Mission: Potential","6/22/25"
"Ejen Ali: Season 1: Mission: Performance","6/22/25"
"Ejen Ali: Season 1: Mission: Gegas Protocol","6/22/25"
"Ejen Ali: Season 1: Mission: Ascension","6/22/25"
"Ejen Ali: Season 1: Mission: Blueprint","6/22/25"
"Ejen Ali: Season 1: Mission: Comot","6/22/25"
"Ejen Ali: Season 1: Mission: Equal","6/22/25"
"Ejen Ali: Season 1: Mission: Alpha","6/22/25"
"Ejen Ali: Season 1: Mission: Iris","6/22/25"
"Cells At Work!","6/21/25"
"Semi-Soeter","6/21/25"
"The Wrong Way to Use Healing Magic: The Journey Begins!","6/21/25"
"The Wrong Way to Use Healing Magic: The Black Knight Unmasked!","6/21/25"
"The Wrong Way to Use Healing Magic: Smash! Fist of Healing!","6/21/25"
"The Wrong Way to Use Healing Magic: Madness?! The Black Knight Appears!","6/21/25"
"The Wrong Way to Use Healing Magic: The End and the Beginning","6/20/25"
"The Wrong Way to Use Healing Magic: Battalion Commander Rose","6/20/25"
"The Wrong Way to Use Healing Magic: The Night of Resolve!","6/20/25"
"Mowgli: Legend of the Jungle","6/20/25"
"Greedy Ghost","6/19/25"
"The Wrong Way to Use Healing Magic: Danger Approaches…!","6/19/25"
"Just Like Heaven","6/19/25"
"The Intern","6/19/25"
"Let's Fight Ghost: Episode 1","6/18/25"
"Izla","6/18/25"
"Scarecrow","6/18/25"
"Dead Talents Society","6/18/25"
"The Wrong Way to Use Healing Magic: Usato, into the Forest Again!","6/18/25"
"The Babysitter","6/18/25"
"Squid Game: Season 1: Stick to the Team","6/18/25"
"Mean Girls","6/18/25"
"My Hero Academia: Vigilantes: Season 1: The Day Of","6/17/25"
"The Apothecary Diaries: Season 1: The Unsettling Matter of the Spirit","6/17/25"
"Maid in Manhattan","6/17/25"
"The Apothecary Diaries: Season 1: Chilly Apothecary","6/16/25"
"The Apothecary Diaries: Season 2: Royal Guard","6/16/25"
"Plane","6/15/25"
"The Red Sea Diving Resort","6/15/25"
"Rebel Ridge","6/15/25"
"Titan: The OceanGate Submersible Disaster","6/12/25"
"Dragons: Race to the Edge: Season 2: Team Astrid","6/11/25"
"Smurfs: The Lost Village","6/10/25"
"My Hero Academia: Vigilantes: Season 1: Event Announcement!","6/10/25"
"The Apothecary Diaries: Season 2: Taibon","6/10/25"
"The Apothecary Diaries: Season 2: The Stronghold","6/10/25"
"Counterattack","6/10/25"
"Grizzy and the Lemmings: Season 1: A Midsummer Bear's Dream","6/9/25"
"Grizzy and the Lemmings: Season 1: Kung Fu Lemmings","6/9/25"
"Grizzy and the Lemmings: Season 1: Construction Bear","6/9/25"
"Grizzy and the Lemmings: Season 1: Bear in the Wind","6/9/25"
"Grizzy and the Lemmings: Season 1: The Sound of a Lemming","6/9/25"
"Grizzy and the Lemmings: Season 1: Bear Gliding","6/9/25"
"Grizzy and the Lemmings: Season 1: Relax Bear","6/9/25"
"Grizzy and the Lemmings: Season 1: Lemmings Airlines","6/9/25"
"Grizzy and the Lemmings: Season 1: Bear Countdown","6/9/25"
"Grizzy and the Lemmings: Season 1: Teleportation's the Way to Go!","6/9/25"
"Grizzy and the Lemmings: Season 1: Flower Power","6/9/25"
"Grizzy and the Lemmings: Season 1: Happy Birthday Lemmings!","6/9/25"
"Grizzy and the Lemmings: Season 1: Bear Art","6/9/25"
"Grizzy and the Lemmings: Season 1: In the Service of His Majesty","6/9/25"
"The Secret Life of Pets 2","6/9/25"
"The Apothecary Diaries: Season 2: Festival","6/9/25"
"Dragons: Race to the Edge: Season 1: Total Nightmare","6/8/25"
"Dragons: Race to the Edge: Season 1: The Next Big Sting","6/8/25"
"The Twister: Caught in the Storm","6/7/25"
"Ultraman: Rising","6/7/25"
"My Hero Academia: Vigilantes: Season 1: Mom Descends!","6/6/25"
"Grizzy and the Lemmings: Season 1: Treasure Bear","6/5/25"
"Grizzy and the Lemmings: Season 1: A Sizeable Problem","6/5/25"
"Grizzy and the Lemmings: Season 1: Mind in a Whirl","6/5/25"
"Grizzy and the Lemmings: Season 1: Fake Brothers","6/5/25"
"Grizzy and the Lemmings: Season 1: Super Grizzy Bros.","6/5/25"
"Grizzy and the Lemmings: Season 1: Bear's Best Friend","6/5/25"
"Grizzy and the Lemmings: Season 1: Bear Charm","6/5/25"
"Grizzy and the Lemmings: Season 1: Magnetic Bear","6/5/25"
"Grizzy and the Lemmings: Season 1: Bear Luck","6/5/25"
"Grizzy and the Lemmings: Season 1: Bear Scents","6/5/25"
"Grizzy and the Lemmings: Season 1: High Voltage Bear Attack","6/5/25"
"Grizzy and the Lemmings: Season 1: Lemming Interference","6/5/25"
"Grizzy and the Lemmings: Season 1: Random Bear","6/5/25"
"Grizzy and the Lemmings: Season 1: Spider Lemmings","6/5/25"
"Grizzy and the Lemmings: Season 1: Thirst Quencher","6/5/25"
"Grizzy and the Lemmings: Season 1: Bear Itch","6/5/25"
"Grizzy and the Lemmings: Season 1: Lemming Tonic","6/5/25"
"Grizzy and the Lemmings: Season 1: Role Change","6/5/25"
"Grizzy and the Lemmings: Season 1: Dancing with the Bears","6/5/25"
"Grizzy and the Lemmings: Season 1: Popcorn Party","6/5/25"
"Grizzy and the Lemmings: Season 1: Bear Under Control","6/5/25"
"Grizzy and the Lemmings: Season 1: Mass Control","6/5/25"
"Grizzy and the Lemmings: Season 1: Domestic Robots","6/5/25"
"Grizzy and the Lemmings: Season 1: Extreme Fitness","6/5/25"
"Grizzy and the Lemmings: Season 1: Jurassic Bear","6/5/25"
"Grizzy and the Lemmings: Season 1: Cellular Bear","6/5/25"
"Grizzy and the Lemmings: Season 1: Bear Spread","6/5/25"
"Grizzy and the Lemmings: Season 1: Polar Bear","6/5/25"
"Grizzy and the Lemmings: Season 3: Crâne de discorde","6/5/25"
"Grizzy and the Lemmings: Season 3: Lucioles à haute tension","6/5/25"
"Grizzy and the Lemmings: Season 3: Vol à réaction","6/5/25"
"Grizzy and the Lemmings: Season 3: Ruée vers l'or","6/5/25"
"The Last 7 Days","6/5/25"
"The Demon's Bride","6/4/25"
"My Hero Academia: Two Heroes","6/3/25"
"Pacific Rim","6/3/25"
"The Super Mario Bros. Movie","6/3/25"
"Body Cam","6/1/25"
"My Hero Academia: Vigilantes: Season 1: Major","5/31/25"
"Fatherhood","5/30/25"
"When Life Gives You Tangerines: Limited Series: A Fruitful Fall","5/30/25"
"I Want To Be Boss","5/29/25"
"Murder Mystery 2","5/29/25"
"The Deceased","5/29/25"
"Ameku M.D.: Doctor Detective: Crimson Curse of the Sorcerer","5/27/25"
"Ameku M.D.: Doctor Detective: Spontaneous Human Combustion","5/27/25"
"Ameku M.D.: Doctor Detective: Into the Spell of Shimmering Light","5/27/25"
"Ameku M.D.: Doctor Detective: Blue Blood Cells and Dragon Fangs","5/27/25"
"Ameku M.D.: Doctor Detective: Dr. Sherlock","5/27/25"
"The Aristocrat’s Otherworldly Adventure: Serving Gods Who Go Too Far: Episode 4","5/26/25"
"The Aristocrat’s Otherworldly Adventure: Serving Gods Who Go Too Far: Episode 3","5/26/25"
"The Aristocrat’s Otherworldly Adventure: Serving Gods Who Go Too Far: Episode 2","5/26/25"
"My Hero Academia: Vigilantes: Season 1: Makoto/Truth","5/26/25"
"Black Out: Episode 1","5/24/25"
"86 EIGHTY-SIX: Episode 7","5/21/25"
"Men in Black: International","5/20/25"
"The Haunted Palace: Episode 5","5/20/25"
"The Haunted Palace: Episode 4","5/20/25"
"Cloudy with a Chance of Meatballs 2","5/20/25"
"The Haunted Palace: Episode 3","5/19/25"
"I'm Getting Married to a Girl I Hate in My Class: I'm Getting Married to a Girl I Hate in My Class","5/19/25"
"The Apothecary Diaries: Season 2: Lantern Plant","5/19/25"
"Romantic Killer: Just Tell Me if You Don’t Like It","5/18/25"
"My Hero Academia: Vigilantes: Season 1: Crossing Lines","5/18/25"
"The Haunted Palace: Episode 2","5/18/25"
"The Haunted Palace: Episode 1","5/18/25"
"Now You See Me 2","5/18/25"
"The Haunted Apartment Miss K","5/18/25"
"Teenage Mutant Ninja Turtles: Mutant Mayhem","5/18/25"
"Love Next Door: Limited Series: Go Back","5/17/25"
"Love Next Door: Limited Series: Past Perfect","5/16/25"
"Love Next Door: Limited Series: Stop Line","5/15/25"
"Norbit","5/10/25"
"The Mask","5/8/25"
"Couple on the Backtrack: Limited Series: Episode 2","5/8/25"
"Couple on the Backtrack: Limited Series: Episode 1","5/8/25"
"Don’t Come Home: Limited Series: Varee","5/8/25"
"Poison Sangga: The Homewrecker's Curse","5/8/25"
"The Angel Next Door Spoils Me Rotten: Reward for the Angel","5/7/25"
"Halo: Allegiance","5/7/25"
"Halo: Inheritance","5/7/25"
"Halo: Solace","5/7/25"
"Halo: Reckoning","5/7/25"
"Love Next Door: Limited Series: Hate","5/6/25"
"Love Next Door: Limited Series: Comeback","5/6/25"
"Welcome to Waikiki: Episode 1","5/6/25"
"Sorop","5/6/25"
"86 EIGHTY-SIX: Episode 6","5/6/25"
"86 EIGHTY-SIX: Episode 5","5/5/25"
"86 EIGHTY-SIX: Episode 4","5/5/25"
"My Hero Academia: Vigilantes: Season 1: Judgment","5/5/25"
"My Hero Academia: Vigilantes: Season 1: Top Runner","5/5/25"
"The Apothecary Diaries: Season 2: The Fox Village","5/4/25"
"A Terrified Teacher at Ghoul School!: Let's Visit the Teacher's Hometown","4/28/25"
"A Terrified Teacher at Ghoul School!: Haruaki is interviewed!? Ghoul TV incoming!","4/28/25"
"A Terrified Teacher at Ghoul School!: Chaos! Mr. Miki's Ghoul Studies!!","4/28/25"
"A Terrified Teacher at Ghoul School!: The Fatal Physical Examination!?","4/28/25"
"Lyle, Lyle, Crocodile","4/27/25"
"Chillin' in Another World with Level 2 Super Cheat Powers: The Level 2 Hero Candidate","4/27/25"
"Enter the Anime","4/27/25"
"The Apothecary Diaries: Season 2: Festering Resentment","4/27/25"
"The Apothecary Diaries: Season 2: Ice","4/27/25"
"The Apothecary Diaries: Season 2: The Dancing Ghost","4/26/25"
"Cloudy with a Chance of Meatballs","4/25/25"
"The Apothecary Diaries: Season 2: The Baths","4/25/25"
"My Hero Academia: Vigilantes: Season 1: Bee","4/25/25"
"My Hero Academia: Vigilantes: Season 1: Takeoff","4/24/25"
"Halo: Transcendence","4/23/25"
"Halo: Homecoming","4/23/25"
"Rabbids Invasion: Season 4: Rabbids in the Maze / Rabbid Pirates - Part 1 / Rabbid Pirates - Part 2","4/22/25"
"When Life Gives You Tangerines: Limited Series: Life Goes On and On","4/22/25"
"Halo: Emergence","4/22/25"
"Weak Hero: Class 1: Episode 3","4/21/25"
"Weak Hero: Class 1: Episode 2","4/21/25"
"Weak Hero: Class 1: Episode 1","4/21/25"
"Angry Birds: Summer Madness: Season 1: Microphone Mayhem!","4/17/25"
"Angry Birds: Summer Madness: Season 1: Hospital Sweet","4/17/25"
"Angry Birds: Summer Madness: Season 1: Cabin Raid!","4/17/25"
"Angry Birds: Summer Madness: Season 2: Detective Chuck","4/17/25"
"The Angry Birds Movie 2","4/17/25"
"Uprising","4/16/25"
"Venom: Let There Be Carnage","4/16/25"
"The Haunting of Bly Manor: The Great Good Place","4/16/25"
"When Life Gives You Tangerines: Limited Series: A Midsummer Night’s Full Nets","4/16/25"
"Mob Psycho 100: Season 1: Self-Proclaimed Psychic: Reigen Arataka ~And Mob~","4/15/25"
"Mr. Plankton: Limited Series: Episode 3","4/15/25"
"Mr. Plankton: Limited Series: Episode 2","4/15/25"
"Mr. Plankton: Limited Series: Episode 1","4/15/25"
"The Meg","4/14/25"
"The Angry Birds Movie","4/14/25"
"Kung Fu Hustle","4/14/25"
"Death Race","4/14/25"
"The Karate Kid","4/13/25"
"Sing: Thriller","4/13/25"
"When Life Gives You Tangerines: Limited Series: The Blazing Summer Sunshine","4/13/25"
"When Life Gives You Tangerines: Limited Series: Yesterday Was Your Spring","4/13/25"
"When Life Gives You Tangerines: Limited Series: Sassy First Love","4/13/25"
"When Life Gives You Tangerines: Limited Series: Spring in a Heartbeat","4/13/25"
"Young Sheldon: Season 7: A Strudel and a Hot American Boy Toy","4/8/25"
"Naruto Shippuden: Season 1: Team Kakashi, Deployed","4/8/25"
"Naruto Shippuden: Season 1: Run, Kankuro","4/8/25"
"Naruto Shippuden: Season 1: Mission Cleared","4/8/25"
"Naruto Shippuden: Season 1: The Kazekage Stands Tall","4/8/25"
"Naruto Shippuden: Season 1: The Jinchuriki of the Sand","4/8/25"
"Naruto Shippuden: Season 1: The Results of Training","4/8/25"
"Naruto Shippuden: Season 1: The Akatsuki Makes Its Move","4/8/25"
"Naruto Shippuden: Season 1: Homecoming","4/8/25"
"The Intruder","4/8/25"
"You Are So Not Invited to My Bat Mitzvah","4/5/25"
"takt op.Destiny: Conduct -Creed-","4/4/25"
"My Hero Academia: Season 6: Izuku Midoriya and Tomura Shigaraki","4/3/25"
"Hitler and the Nazis: Evil on Trial: Origin of Evil","4/2/25"
"MH370: The Plane That Disappeared: Limited Series: The Pilot","4/2/25"
"A Girl & Her Guard Dog: Spring and Beginnings","4/2/25"
"Kakegurui: Episode 4","4/2/25"
"Call of the Night: Season 1: 7Th Night: Reproduce","4/2/25"
"Shin Jigen! Crayon Shin-chan the Movie","4/2/25"
"The Dreaming Boy is a Realist: Episode 3","4/2/25"
"How Not to Summon a Demon Lord: How NOT to Summon a Demon Lord: Demon Lord’s Act","4/2/25"
"Don't Toy With Me, Miss Nagatoro: Season 1: Senpai is a bit .../Senpai, don't you ever get angry?","4/2/25"
"I May Be a Guild Receptionist, but I'll Solo Any Boss to Clock Out on Time: I May Be a Guild Receptionist, But I'll Fight to the Bitter End to Get Out of Working Overtime","4/2/25"
"I Left My A-Rank Party to Help My Former Students Reach the Dungeon Depths!: The Capital Distorted by the Twilight","4/2/25"
"The Apothecary Diaries: Season 2: Ka Zuigetsu","4/2/25"
"Sausage Party","3/28/25"
"Grizzy and the Lemmings: Season 3: Catch canap'","3/27/25"
"Grizzy and the Lemmings: Season 3: Casse-tête aztèque","3/27/25"
"Grizzy and the Lemmings: Season 3: A bout de souffle","3/27/25"
"Grizzy and the Lemmings: Season 3: Conflit de générations","3/27/25"
"Grizzy and the Lemmings: Season 3: Botanique ludique","3/27/25"
"Grizzy and the Lemmings: Season 3: Lemmings tiltés","3/27/25"
"Grizzy and the Lemmings: Season 3: Décalage solaire","3/27/25"
"Grizzy and the Lemmings: Season 3: Battle musicale","3/27/25"
"Grizzy and the Lemmings: Season 3: L'ours, la grenouille et le moustique","3/27/25"
"Grizzy and the Lemmings: Season 3: Cabane Pas Commode","3/27/25"
"Grizzy and the Lemmings: Season 3: Foire aux bouquins","3/27/25"
"Grizzy and the Lemmings: Season 3: Esprits gourmands","3/27/25"
"Grizzy and the Lemmings: Season 3: Joutes Moutons","3/27/25"
"Grizzy and the Lemmings: Season 3: Mouton de compagnie","3/27/25"
"Grizzy and the Lemmings: Season 3: La communauté de la jelly","3/27/25"
"Grizzy and the Lemmings: Season 3: Un Ours Dans La Bergerie","3/27/25"
"【OSHI NO KO】: Season 2: Reunion","3/27/25"
"【OSHI NO KO】: Season 2: Freedom","3/27/25"
"【OSHI NO KO】: Season 2: Liberation","3/27/25"
"【OSHI NO KO】: Season 2: Dream","3/27/25"
"【OSHI NO KO】: Season 2: Trigger","3/27/25"
"【OSHI NO KO】: Season 2: Sun","3/27/25"
"【OSHI NO KO】: Season 2: Growth","3/26/25"
"【OSHI NO KO】: Season 2: The Curtain Rises","3/26/25"
"【OSHI NO KO】: Season 2: Emotional Acting","3/26/25"
"【OSHI NO KO】: Season 2: Rewriting","3/26/25"
"【OSHI NO KO】: Season 2: Game of Telephone","3/26/25"
"I Left My A-Rank Party to Help My Former Students Reach the Dungeon Depths!: Clover's Back in Action!","3/26/25"
"SAKAMOTO DAYS: Casino Battle","3/25/25"
"The Apothecary Diaries: Season 2: The Hunt","3/25/25"
"Solo Leveling: Are You the King of Humans","3/25/25"
"I May Be a Guild Receptionist, but I'll Solo Any Boss to Clock Out on Time: It May Be a Trap, but I Have to Keep Moving Forward","3/22/25"
"You Are Ms. Servant: Episode 4","3/21/25"
"You Are Ms. Servant: Episode 3","3/21/25"
"You Are Ms. Servant: Episode 2","3/21/25"
"You Are Ms. Servant: Episode 1","3/21/25"
"The Yuzuki Family's Four Sons: Episode 1","3/21/25"
"Ponyo","3/21/25"
"Earwig and the Witch","3/21/25"
"Nausicaä of the Valley of the Wind","3/21/25"
"My Love Story with Yamada-kun at Lv999: I’ll Definitely Be Hurt Someday","3/21/25"
"Shazam! Fury of the Gods","3/21/25"
"SAKAMOTO DAYS: Bathhouse Roughhouse","3/20/25"
"SAKAMOTO DAYS: All Aboard","3/20/25"
"Curse of the Seven Seas","3/20/25"
"Grizzy and the Lemmings: Season 3: Désaccord musical","3/19/25"
"Grizzy and the Lemmings: Season 3: Lemming sur toile","3/19/25"
"Grizzy and the Lemmings: Season 3: FrankenGrizzy","3/19/25"
"Grizzy and the Lemmings: Season 3: Lancer de Lemmings","3/19/25"
"Grizzy and the Lemmings: Season 3: Lemmings en gelée","3/19/25"
"My Love Story with Yamada-kun at Lv999: The Guild is Facing a Crisis!!","3/19/25"
"My Love Story with Yamada-kun at Lv999: If that happened, that would be…","3/19/25"
"My Love Story with Yamada-kun at Lv999: You Want To Feel at Ease?","3/19/25"
"My Love Story with Yamada-kun at Lv999: I Personally Would Prefer a Love Comedy Ending","3/19/25"
"My Love Story with Yamada-kun at Lv999: How About You Give Us an Explanation","3/19/25"
"My Love Story with Yamada-kun at Lv999: Are You In Love with Yamada?","3/19/25"
"My Love Story with Yamada-kun at Lv999: I Wanna Have an Offline Meeting ♡","3/19/25"
"Madagascar: Escape 2 Africa","3/19/25"
"SAKAMOTO DAYS: Sakamoto's vs. the Lab","3/18/25"
"SAKAMOTO DAYS: Jurassic Bastard","3/18/25"
"SAKAMOTO DAYS: Heisuke Mashimo","3/18/25"
"SAKAMOTO DAYS: Source of Strength","3/18/25"
"SAKAMOTO DAYS: Hard-Boiled","3/18/25"
"SAKAMOTO DAYS: Welcome to Sugar Park","3/18/25"
"Grave Torture","3/18/25"
"Time Cut","3/18/25"
"SAKAMOTO DAYS: Vs. Son Hee and Bacho","3/17/25"
"My Happy Marriage: Season 2: A Resolute Departure","3/17/25"
"The Apothecary Diaries: Season 2: Ghost Stories","3/17/25"
"I May Be a Guild Receptionist, but I'll Solo Any Boss to Clock Out on Time: A Ghost May Show Up During Training, but Nobody Told Me About It","3/17/25"
"Solo Leveling: It's Going to Get Even More Intense","3/17/25"
"Grizzy and the Lemmings: Season 3: 1 + 1 = 1","3/12/25"
"Grizzy and the Lemmings: Season 3: Cabane Supervoltaïque","3/12/25"
"Grizzy and the Lemmings: Season 3: Dans tes rêves","3/12/25"
"Grizzy and the Lemmings: Season 3: Complètement givré !","3/12/25"
"Grizzy and the Lemmings: Season 3: Tam tam Lemming","3/12/25"
"Spies in Disguise","3/12/25"
"CoComelon: Season 1: CoComelon  Sing-Alongs: Kids' Favorites","3/12/25"
"Welcome to the Family: Eviction","3/12/25"
"CoComelon: Season 1: CoComelon  Sing-Alongs: Fun Pack","3/12/25"
"CoComelon: Season 1: CoComelon  Sing-Alongs: Playdate with JJ","3/12/25"
"CoComelon: Season 12: Bubble Time!","3/12/25"
"A Madea Homecoming","3/12/25"
"Little","3/11/25"
"Grizzy and the Lemmings: Season 3: Le Trône de pierre","3/11/25"
"Grizzy and the Lemmings: Season 3: Faux fils","3/11/25"
"Grizzy and the Lemmings: Season 3: Safari express","3/11/25"
"Grizzy and the Lemmings: Season 3: À portée de groin","3/11/25"
"My Love Story with Yamada-kun at Lv999: It's Almost Time For the Boss to Spawn so…","3/11/25"
"My Love Story with Yamada-kun at Lv999: This is Why I Can't Stand Gamer Guys!","3/11/25"
"I May Be a Guild Receptionist, but I'll Solo Any Boss to Clock Out on Time: I May Be in My Third Year as a Guild Receptionist, but I'm Starting New-Employee Training","3/11/25"
"My Happy Marriage: Season 2: Promise","3/11/25"
"The Apothecary Diaries: Season 2: The Late Emperor","3/11/25"
"CoComelon Lane: Season 1: JJ Plants a Seed / Cece's First Haircut / Cody's Long Car Ride / Cece's Purr-Fect Pal","3/11/25"
"CoComelon Lane: Season 1: JJ's Bear Dance / Nina Meets the Garbage Truck / Bella's Pajama Party","3/11/25"
"CoComelon Lane: Season 1: JJ's Firetruck Car Wash / Cody's Cake for Mommy / Nina's Wheels on the Bus","3/11/25"
"CoComelon Lane: Season 3: CoComelon Lane: The Nursery Rhyme Musical","3/11/25"
"Solo Leveling: We Need a Hero","3/10/25"
"Solo Leveling: Still a Long Way to Go","3/10/25"
"I Left My A-Rank Party to Help My Former Students Reach the Dungeon Depths!: A Six-Leaf Clover","3/10/25"
"Peter Rabbit 2","3/10/25"
"Lovely Runner: Episode 1","3/5/25"
"Puss in Boots: The Last Wish","3/5/25"
"The Dreaming Boy is a Realist: Episode 2","3/5/25"
"The Dreaming Boy is a Realist: Episode 1","3/5/25"
"My Happy Marriage: Season 1: The Meeting","3/5/25"
"My Happy Marriage: Season 2: Dream Tidings","3/5/25"
"Demon City","3/4/25"
"Kaiju No. 8: Season 1: Kafka Hibino","3/3/25"
"Kaiju No. 8: Season 1: Kaiju No. 8 Captured","3/3/25"
"Frieren: Beyond Journey's End: Season 1: The Journey's End","3/3/25"
"Berserk: Episode 1","3/3/25"
"Wind Breaker: Season 1: Clash","3/3/25"
"Wind Breaker: Season 1: The Man Who Stands At The Top","3/3/25"
"I Left My A-Rank Party to Help My Former Students Reach the Dungeon Depths!: One Who Was Once a Friend","3/3/25"
"I Left My A-Rank Party to Help My Former Students Reach the Dungeon Depths!: Shadow Stalker","3/3/25"
"Dark Gathering: Yayoi Hozuki","3/2/25"
"Wind Breaker: Season 1: Dialogue","3/2/25"
"Wind Breaker: Season 1: Umemiya’s Style","3/2/25"
"Wind Breaker: Season 1: Succeeding the Past","3/2/25"
"Wind Breaker: Season 1: Fight To Win","3/2/25"
"Wind Breaker: Season 1: Vow To Follow","3/2/25"
"The Way of the Househusband: Season 2: Episode 5","3/2/25"
"The Way of the Househusband: Season 1: Episode 1","3/2/25"
"Detective Conan: The Culprit Hanzawa: Episode 1","3/2/25"
"Solo Leveling: I Suppose You aren’t Aware","3/1/25"
"Halo: Unbound","3/1/25"
"Halo: Contact","3/1/25"
"Puniru Is a Cute Slime: Season 1: I Hate You And I Love You","3/1/25"
"I May Be a Guild Receptionist, but I'll Solo Any Boss to Clock Out on Time: I May Be a Useless Healer, but I'm Going to Do Everything I Can","3/1/25"
"The Apothecary Diaries: Season 2: The Empress Dowager","3/1/25"
"Demon Slayer: Kimetsu no Yaiba: Entertainment District Arc: Tonight","2/28/25"
"Demon Slayer: Kimetsu no Yaiba: Entertainment District Arc: What Are You?","2/28/25"
"Demon Slayer: Kimetsu no Yaiba: Entertainment District Arc: Infiltrating the Entertainment District","2/28/25"
"Demon Slayer: Kimetsu no Yaiba: Entertainment District Arc: Sound Hashira Tengen Uzui","2/28/25"
"My Happy Marriage: Season 2: An Evening Banquet and Distant Snow","2/27/25"
"Doctor Slump: Limited Series: Episode 10","2/26/25"
"Doctor Slump: Limited Series: Episode 9","2/26/25"
"Doctor Slump: Limited Series: Episode 8","2/26/25"
"Daaku Maharaaj","2/26/25"
"I Left My A-Rank Party to Help My Former Students Reach the Dungeon Depths!: The Pale, Immortal Ruler","2/24/25"
"American Murder: Gabby Petito: We Bought a Van","2/23/25"
"Bartender: Glass of God: Episode 1","2/23/25"
"Solo Leveling: Looking Up was Tiring Me Out","2/23/25"
"Sweet Tooth: Season 1: Out of the Deep Woods","2/22/25"
"Kick-Ass 2","2/22/25"
"The Mist: Pilot","2/22/25"
"I May Be a Guild Receptionist, but I'll Solo Any Boss to Clock Out on Time: I've Waited Forever for the Centennial Festival, so I'm Gonna Enjoy It, No Matter What","2/22/25"
"The Apothecary Diaries: Season 2: The Shrine of Choosing","2/22/25"
"Unknown","2/22/25"
"Gifted","2/22/25"
"Freedom Writers","2/22/25"
"Buddy Daddies: Piece of Cake","2/20/25"
"Buddy Daddies: Daughter Daddies","2/20/25"
"Buddy Daddies: Everyone Will Be Hypocrites","2/20/25"
"Buddy Daddies: Lost At Sea","2/20/25"
"Buddy Daddies: No Sweet Without Sweat","2/20/25"
"Buddy Daddies: Nothing Seek, Nothing Find","2/20/25"
"Geng: The Adventure Begins","2/20/25"
"Buddy Daddies: After Rain Comes Fair Weather","2/20/25"
"Mechamato Movie","2/20/25"
"Death Whisperer 2","2/20/25"
"Dominion of Darkness","2/20/25"
"Buddy Daddies: Love Is Blind","2/19/25"
"Thaghut","2/19/25"
"Do You See What I See","2/19/25"
"Buddy Daddies: Crunch Time","2/19/25"
"Buddy Daddies: What Will Be, Will Be","2/19/25"
"Buddy Daddies: Spice of Life","2/18/25"
"Buddy Daddies: The Kiss of Death","2/18/25"
"Tokyo Ghoul: Tragedy","2/18/25"
"The Grimm Variations: Cinderella","2/18/25"
"Belle","2/18/25"
"Kubo Won't Let Me Be Invisible: Hard Luck and Home Visit","2/18/25"
"2.5 Dimensional Seduction: Episode 1","2/18/25"
"Lonely Castle in the Mirror","2/18/25"
"The Misfit of Demon King Academy: Season 1: The Witch of Destruction","2/18/25"
"My Happy Marriage: Season 2: A New Year's Commotion","2/18/25"
"Munafik 2","2/18/25"
"Behind Your Touch: Limited Series: Episode 2","2/18/25"
"Kemah Terlarang: Kesurupan Massal","2/18/25"
"My Happy Marriage: Season 2: The Man Called Naoshi Usui","2/17/25"
"Mummies","2/16/25"
"I Left My A-Rank Party to Help My Former Students Reach the Dungeon Depths!: Achromatic Darkness","2/16/25"
"I May Be a Guild Receptionist, but I'll Solo Any Boss to Clock Out on Time: I May Be Silver Sword's Back Attacker, but I'm Gonna Catch the Jerk Who Started That Rumor","2/16/25"
"I May Be a Guild Receptionist, but I'll Solo Any Boss to Clock Out on Time: I May Be Silver Sword's Healer, but Even I Could Use Some Healing","2/16/25"
"The Apothecary Diaries: Season 2: The Crystal Pavilion, for the Third Time","2/16/25"
"The Apothecary Diaries: Season 2: The Moon Fairy","2/15/25"
"The Apothecary Diaries: Season 1: Reducing Two to One","2/15/25"
"Johnny English Reborn","2/15/25"
"Don't Breathe 2","2/15/25"
"Ivy + Bean","2/14/25"
"Daddy's Home 2","2/14/25"
"Daddy's Home","2/14/25"
"The Day After Tomorrow","2/13/25"
"Enough","2/13/25"
"Goosebumps 2: Haunted Halloween","2/12/25"
"Under Paris","2/12/25"
"Doctor Slump: Limited Series: Episode 7","2/11/25"
"Doctor Slump: Limited Series: Episode 6","2/11/25"
"I Left My A-Rank Party to Help My Former Students Reach the Dungeon Depths!: Mission","2/10/25"
"Doctor Slump: Limited Series: Episode 5","2/10/25"
"Monster House","2/10/25"
"Doctor Slump: Limited Series: Episode 4","2/9/25"
"Tad, The Lost Explorer and the Emerald Tablet","2/8/25"
"Doctor Slump: Limited Series: Episode 3","2/8/25"
"Bangsal Isolasi","2/8/25"
"Cassandra: Limited Series: A Fresh Start","2/8/25"
"Doctor Slump: Limited Series: Episode 2","2/7/25"
"Doctor Slump: Limited Series: Episode 1","2/6/25"
"Brazen","2/6/25"
"Designated Survivor: 60 Days: The Acting President","2/6/25"
"Dosen Ghaib: Sudah Malam Atau Sudah Tahu","2/6/25"
"The Corpse Washer","2/6/25"
"Dancing Village : The Curse Begins","2/6/25"
"Sumala","2/6/25"
"Bocchi the Rock!: Duodecimal Sunset","2/5/25"
"Miraculous: Tales of Ladybug & Cat Noir: Season 1: Darkblade","2/5/25"
"Miraculous: Tales of Ladybug & Cat Noir: Season 1: Horrificator","2/5/25"
"Miraculous: Tales of Ladybug & Cat Noir: Season 1: Dark Cupid","2/5/25"
"Miraculous: Tales of Ladybug & Cat Noir: Season 1: Rogercop","2/5/25"
"Miraculous: Tales of Ladybug & Cat Noir: Season 1: The Evillustrator","2/5/25"
"Miraculous: Tales of Ladybug & Cat Noir: Season 1: Lady Wifi","2/5/25"
"Miraculous: Tales of Ladybug & Cat Noir: Season 1: The Pharaoh","2/5/25"
"Miraculous: Tales of Ladybug & Cat Noir: Season 1: Copycat","2/5/25"
"Miraculous: Tales of Ladybug & Cat Noir: Season 1: Timebreaker","2/5/25"
"Miraculous: Tales of Ladybug & Cat Noir: Season 1: Stormy Weather","2/5/25"
"A Condition Called Love: Scene.04","2/4/25"
"Blue Box: Unfair Woman","2/4/25"
"The Elusive Samurai: May 22nd","2/4/25"
"Mushoku Tensei: Jobless Reincarnation: Season 1: Episode 1","2/4/25"
"Rising Impact: Season 1: Encountering a Dream","2/4/25"
"Oblivion Battery: I will make you remember","2/4/25"
"Kotaro Lives Alone: Episode 1","2/4/25"
"KonoSuba: God's Blessing on This Wonderful World: KonoSuba: God's Blessing on This Wonderful World!: This Self Proclaimed Goddess and Reincarnation in Another World!","2/4/25"
"Welcome to Demon School!  Iruma-kun: Season 2: Introducing My Friends!","2/4/25"
"Blue Box: August 26","2/4/25"
"Blue Box: What's the Connection?","2/4/25"
"Blue Box: I Want a Back-and-Forth Rally","2/4/25"
"Blue Box: Girls...","2/4/25"
"Blue Box: Uncool!","2/4/25"
"Blue Box: It's Not a Good Thing","2/4/25"
"Blue Box: I'll Be Rooting for You","2/4/25"
"Blue Box: Score!","2/4/25"
"Blue Box: Can I Have One?","2/4/25"
"My Happy Marriage: Season 2: Deep Within the Heart","2/4/25"
"Ghost Doctor: Limited Series: Episode 3","2/3/25"
"In Blossom: Episode 1","2/3/25"
"The Red Sleeve: The Moment Has Become Eternity","2/2/25"
"The Apothecary Diaries: Season 1: Honey","2/1/25"
" ","2/1/25"
"The Apothecary Diaries: Season 1: Suicide or Murder?","2/1/25"
"Blue Box: Wish Me Luck","2/1/25"
"Blue Box: Aquarium","2/1/25"
"Blue Box: If He Wins","2/1/25"
"I May Be a Guild Receptionist, but I'll Solo Any Boss to Clock Out on Time: I'm a Guild Receptionist, so I Want a Peaceful Life","2/1/25"
"I May Be a Guild Receptionist, but I'll Solo Any Boss to Clock Out on Time: Relics, Secret Quests, and Dark Gods Keep Interfering with My Work, so I'll Destroy Them All","2/1/25"
"Black Sea","2/1/25"
"The Apothecary Diaries: Season 2: Mirrors","1/31/25"
"The Apothecary Diaries: Season 1: Wheat Stalks","1/31/25"
"The Apothecary Diaries: Season 1: Homecoming","1/31/25"
"Stealth","1/31/25"
"The Conjuring: The Devil Made Me Do It","1/31/25"
"Last Holiday","1/30/25"
"The Invitation","1/30/25"
"The Apothecary Diaries: Season 2: Corpse Fungus","1/30/25"
"The Most Notorious “Talker” Runs the World’s Greatest Clan: You Think an Apology's Gonna Cut It?","1/30/25"
"The Most Notorious “Talker” Runs the World’s Greatest Clan: The Real Prodigy","1/30/25"
"Eye of the Storm","1/29/25"
"Chernobyl 1986","1/29/25"
"I Got a Cheat Skill in Another World and Became Unrivaled in the Real World, Too: To Another World","1/29/25"
"The Most Notorious “Talker” Runs the World’s Greatest Clan: The Talker Shows No Mercy","1/29/25"
"The Most Notorious “Talker” Runs the World’s Greatest Clan: Why the Weakest Aims to Become the Strongest","1/29/25"
"My Happy Marriage: Season 2: What the Autumn Breeze Brought","1/29/25"
"My Happy Marriage: Season 2: The Gifted Communion and Demons","1/29/25"
"My Happy Marriage: Season 2: A New Ordeal","1/29/25"
"My Happy Marriage: Season 2: Another Kudo Residence","1/29/25"
"My Happy Marriage: Season 1: Episode 13 (OVA)","1/29/25"
"My Happy Marriage: Season 1: Light in the Darkness","1/29/25"
"I May Be a Guild Receptionist, but I'll Solo Any Boss to Clock Out on Time: I May Be Silver Sword's Tank, but I Want to Take On a Really Tough Dungeon","1/29/25"
"Madame Web","1/24/25"
"The Red Sleeve: Royal Concubine, The Woman Of The King","1/24/25"
"The Red Sleeve: Do Not Fool Your Heart","1/24/25"
"The Red Sleeve: A Court Maid Is Gone Missing","1/22/25"
"My Happy Marriage: Season 1: My Mother’s Legacy","1/22/25"
"My Happy Marriage: Season 1: Summer Cherry Blossoms, and the Mistake","1/22/25"
"My Happy Marriage: Season 1: Drowning in Dreams","1/22/25"
"My Happy Marriage: Season 1: Nightmares and Ominous Shadows","1/22/25"
"My Happy Marriage: Season 1: Glamorous Lady of Summer","1/22/25"
"My Happy Marriage: Season 1: Determination and Thunder","1/22/25"
"My Happy Marriage: Season 1: Ripples","1/22/25"
"My Happy Marriage: Season 1: The Gift","1/22/25"
"My Happy Marriage: Season 1: Our First Date","1/22/25"
"The Swan","1/22/25"
"Charlie and the Chocolate Factory","1/22/25"
"My Happy Marriage: Season 1: About My Husband-to-Be","1/21/25"
"The Apothecary Diaries: Season 2: The Caravan","1/20/25"
"The Apothecary Diaries: Season 2: Maomao and Maomao","1/20/25"
"The Apothecary Diaries: Season 1: Jinshi and Maomao","1/20/25"
"The Apothecary Diaries: Season 1: Balsam and Woodsorrel","1/20/25"
"The Red Sleeve: The Woman Of The King","1/20/25"
"The Apothecary Diaries: Season 1: Blue Roses","1/20/25"
"The Apothecary Diaries: Season 1: How to Buy Out a Contract","1/20/25"
"The Red Sleeve: The King Of Joseon","1/19/25"
"The Red Sleeve: The Secret Of Geumdeungjisa","1/19/25"
"I May Be a Guild Receptionist, but I'll Solo Any Boss to Clock Out on Time: I May Be the Executioner, but I'll Be Fired if People Find Out, so I'll Have to Use Force","1/18/25"
"The Red Sleeve: King’s Wrath","1/17/25"
"The Red Sleeve: Fight With No Fear","1/17/25"
"The Red Sleeve: Never Trust The King","1/17/25"
"The Red Sleeve: Blue Arm Warmer And Red Sleeve","1/17/25"
"BOFURI: I Don't Want to Get Hurt, so I'll Max Out My Defense.: Episode 6","1/17/25"
"BOFURI: I Don't Want to Get Hurt, so I'll Max Out My Defense.: Episode 5","1/17/25"
"BOFURI: I Don't Want to Get Hurt, so I'll Max Out My Defense.: Episode 4","1/17/25"
"BOFURI: I Don't Want to Get Hurt, so I'll Max Out My Defense.: Episode 3","1/17/25"
"BOFURI: I Don't Want to Get Hurt, so I'll Max Out My Defense.: Episode 2","1/17/25"
"Ad Vitam","1/16/25"
"BOFURI: I Don't Want to Get Hurt, so I'll Max Out My Defense.: Episode 1","1/16/25"
"Chainsaw Man: Dog & Chainsaw","1/16/25"
"The Fairly OddParents: A New Wish: Season 1: The Wellsington Hotellsington / 1500 Minutes of Fame","1/16/25"
"As a Reincarnated Aristocrat, I'll Use My Appraisal Skill to Rise in the World: Season 1: Where Talent Dwells","1/15/25"
"As a Reincarnated Aristocrat, I'll Use My Appraisal Skill to Rise in the World: Season 1: Answer","1/15/25"
"As a Reincarnated Aristocrat, I'll Use My Appraisal Skill to Rise in the World: Season 1: Above and Below","1/15/25"
"As a Reincarnated Aristocrat, I'll Use My Appraisal Skill to Rise in the World: Season 1: Reincarnation and Appraisal","1/15/25"
"Genie","1/15/25"
"Big Fat Liar","1/15/25"
"The Apothecary Diaries: Season 1: Lakan","1/14/25"
"Liar Liar","1/14/25"
"Ride Along 2","1/14/25"
"The Apothecary Diaries: Season 1: A Jaunt Around Town","1/13/25"
"The Apothecary Diaries: Season 1: Lead","1/13/25"
"The Apothecary Diaries: Season 1: Raw Fish","1/13/25"
"The Apothecary Diaries: Season 1: The New Pure Concubine","1/13/25"
"The Apothecary Diaries: Season 1: Serving in the Outer Court","1/13/25"
"Where the Crawdads Sing","1/13/25"
"The Red Sleeve: A Young Lady In The Dongdeok Association","1/12/25"
"Mayonaka Punch: The Cancelled Girl and the Overslept Vampire","1/8/25"
"The Red Sleeve: Leaving With My Love Holding The Hand","1/6/25"
"The Red Sleeve: A Picky Master","1/5/25"
"Blue Lock: BLUE LOCK VS. U-20 JAPAN: Last Attack","1/5/25"
"Flipped","1/5/25"
"The Red Sleeve: Tigers Have Gone Wild And The Dragons Are Furious","1/4/25"
"The Red Sleeve: The Court Lady And Letters Of Apology","1/4/25"
"The Red Sleeve: The Crown Prince And The Court Girl","1/4/25"
"Royal Rumble: 2018: Royal Rumble 2018","1/2/25"
"Call of the Night: Season 1: 6Th Night: Might As Well Have Fun","1/1/25"
"Call of the Night: Season 1: 5Th Night: Well, That’S A Problem","1/1/25"
"Call of the Night: Season 1: 4Th Night: Isn'T This A Tight Squeeze?","1/1/25"
"Call of the Night: Season 1: 3Rd Night: A Lot Came Out","1/1/25"
"Call of the Night: Season 1: 2Nd Night: Do You Do Line?","1/1/25"
"Migi & Dali: Migi & Dali","1/1/25"
"Skip and Loafer: Brand New","1/1/25"
"Blue Lock: BLUE LOCK VS. U-20 JAPAN: The Assassin and the Ninja","1/1/25"
"Call of the Night: Season 1: 1St Night: First Flight","1/1/25"
"Blue Lock: BLUE LOCK: Dream","12/31/24"
"Romantic Killer: Other Way Around, Dummy","12/31/24"
"My Dress-Up Darling: Season 1: Someone Who Lives in the Exact Opposite World as Me","12/31/24"
"Violet Evergarden: Episode 1","12/31/24"
"Masamune-kun's Revenge: Masamune-kun’s Revenge: Cinderella Doesn't Smile","12/31/24"
"My Dearest: Episode 21","12/30/24"
"My Dearest: Episode 20","12/30/24"
"My Dearest: Episode 19","12/30/24"
"My Dearest: Episode 17","12/30/24"
"My Dearest: Episode 18","12/30/24"
"Blue Lock: BLUE LOCK VS. U-20 JAPAN: Not Alone","12/30/24"
"Demon Slayer: Kimetsu no Yaiba: Hashira Training Arc: Stone Hashira Gyomei Himejima","12/30/24"
"Demon Slayer: Kimetsu no Yaiba: Hashira Training Arc: The Strongest of the Demon Slayer Corps","12/30/24"
"Dungeons & Dragons: Honor Among Thieves","12/29/24"
"Carry-On","12/29/24"
"Tricky Brains","12/29/24"
"True Beauty: Limited Series: Epsiode 11","12/29/24"
"We Can Be Heroes","12/29/24"
"Demon Slayer: Kimetsu no Yaiba: Hashira Training Arc: I Even Ate Demons","12/29/24"
"Demon Slayer: Kimetsu no Yaiba: Hashira Training Arc: To Bring a Smile to One's Face","12/28/24"
"Demon Slayer: Kimetsu no Yaiba: Hashira Training Arc: Fully Recovered Tanjiro Joins the Hashira Training!!","12/28/24"
"Demon Slayer: Kimetsu no Yaiba: Hashira Training Arc: Water Hashira Giyu Tomioka's Pain","12/27/24"
"Demon Slayer: Kimetsu no Yaiba: Hashira Training Arc: To Defeat Muzan Kibutsuji","12/27/24"
"DAN DA DAN: Season 1: Let's Go to the Cursed House","12/27/24"
"Blue Lock: BLUE LOCK VS. U-20 JAPAN: Flowers","12/27/24"
"Kubo Won't Let Me Be Invisible: Heroine and Background Character","12/26/24"
"The Conjuring 2","12/23/24"
"Check in Hanyang: Limited Series: Episode 1","12/23/24"
"Spider-Man: Far from Home","12/19/24"
"My Dearest: Episode 16","12/19/24"
"My Dearest: Episode 15","12/18/24"
"SpongeBob SquarePants: Season 9: Food Con Castaways/Snail Mail","12/18/24"
"SpongeBob SquarePants: Season 9: Sandy’s Nutmare/Bulletin Board","12/18/24"
"SpongeBob SquarePants: Season 9: Goodbye, Krabby Patty?","12/18/24"
"SpongeBob SquarePants: Season 9: Sold!/Lame and Fortune","12/18/24"
"SpongeBob SquarePants: Season 9: Sharks vs. Pods/CopyBob DittoPants","12/18/24"
"SpongeBob SquarePants: Season 9: Mall Girl Pearl/Two Thumbs Down","12/18/24"
"SpongeBob SquarePants: Season 9: The Fish Bowl/Married to Money","12/18/24"
"SpongeBob SquarePants: Season 9: SpongeBob LongPants/Larry’s Gym","12/18/24"
"SpongeBob SquarePants: Season 9: Patrick! The Game/The Sewers of Bikini Bottom","12/18/24"
"SpongeBob SquarePants: Season 9: Sanctuary!/What’s Eating Patrick?","12/18/24"
"SpongeBob SquarePants: Season 9: Company Picnic/Pull Up a Barrel","12/18/24"
"The Purge: Anarchy","12/17/24"
"Captain Underpants: The First Epic Movie","12/17/24"
"Ghost Rider","12/17/24"
"My Dearest: Episode 14","12/16/24"
"My Dearest: Episode 13","12/16/24"
"My Dearest: Episode 12","12/16/24"
"My Dearest: Episode 10","12/16/24"
"Godzilla: King of the Monsters","12/15/24"
"Bangkok Breaking: Heaven and Hell","12/15/24"
"It","12/15/24"
"Zombieland: Double Tap","12/15/24"
"Blue Lock: BLUE LOCK VS. U-20 JAPAN: What You Taught Us","12/15/24"
"My Hero Academia: Season 1: Deku vs. Kacchan","12/14/24"
"DAN DA DAN: Season 1: First Love","12/14/24"
"My Dearest: Episode 9","12/13/24"
"My Dearest: Episode 8","12/13/24"
"Home: Adventures with Tip & Oh: Season 4: Friend Like Tip / Like Mother, Like Pit of Fire","12/13/24"
"Hot Fuzz","12/13/24"
"Smile","12/12/24"
"Squid Game: Season 1: Red Light, Green Light","12/12/24"
"Thangalaan","12/12/24"
"Blue Lock: BLUE LOCK VS. U-20 JAPAN: Dramatic Exchange","12/12/24"
"Men in Black 3","12/12/24"
"Kau vs Aku: Season 1: Episode 1","12/11/24"
"My Dearest: Episode 7","12/10/24"
"My Dearest: Episode 6","12/10/24"
"The Thundermans: Season 2: Haunted Thundermans","12/8/24"
"The Thundermans: Season 2: Pheebs Will Rock You","12/8/24"
"Magic and Muscles: Mashle: Magic And Muscles The Divine Visionary Candidate Exam Arc: Mash Burnedead and His Good Friends","12/8/24"
"Magic and Muscles: Mashle: Magic And Muscles The Divine Visionary Candidate Exam Arc: Mash Burnedead and the Origin of the Greatest Magic User","12/8/24"
"The Thundermans: Season 2: Max’s Minions","12/8/24"
"The Thundermans: Season 2: Four Supes and a Baby","12/8/24"
"The Thundermans: Season 2: Thunder Van","12/8/24"
"Magic and Muscles: Mashle: Magic And Muscles The Divine Visionary Candidate Exam Arc: Wahlberg Baigan and the Greatest Danger","12/8/24"
"Magic and Muscles: Mashle: Magic And Muscles The Divine Visionary Candidate Exam Arc: Wahlberg Baigan and the Magic of Darkness","12/7/24"
"Magic and Muscles: Mashle: Magic And Muscles The Divine Visionary Candidate Exam Arc: Mash Burnedead and the Tall Tower","12/7/24"
"Magic and Muscles: Mashle: Magic And Muscles The Divine Visionary Candidate Exam Arc: Mash Burnedead and the Magical Maestro","12/7/24"
"Magic and Muscles: Mashle: Magic And Muscles The Divine Visionary Candidate Exam Arc: Mash Burnedead and You Look, You Lose Your Life","12/7/24"
"Magic and Muscles: Mashle: Magic And Muscles The Divine Visionary Candidate Exam Arc: Finn Ames and the Friend","12/7/24"
"The Thundermans: Season 2: Meet the Evilmans","12/7/24"
"The Thundermans: Season 2: Parents Just Don’t Thunderstand","12/6/24"
"The Thundermans: Season 2: Winter Thunderland","12/6/24"
"The Thundermans: Season 2: Change of Art","12/6/24"
"The Thundermans: Season 2: Cheer and Present Danger","12/6/24"
"The Thundermans: Season 2: Blue Detective","12/6/24"
"Magic and Muscles: Mashle: Magic And Muscles The Divine Visionary Candidate Exam Arc: Mash Burnedead and the Brawny Balloon","12/6/24"
"The Thundermans: Season 2: Shred It Go","12/6/24"
"1917","12/5/24"
"Cry Babies Magic Tears: Season 2: Discovering Tutti Frutti Bay Part 1 / Discovering Tutti Frutti Bay Part 2 / The giant baby  / Banana slip  / The summer song / Rescue on the lake","12/4/24"
"DAN DA DAN: Season 1: Merge! Serpo Dover Demon Nessie!","12/3/24"
"Blue Lock: BLUE LOCK VS. U-20 JAPAN: Night Snow","12/3/24"
"Ghost Ship","11/28/24"
"The Strongest Sage with the Weakest Crest: Episode 1","11/27/24"
"The Dangers in My Heart: Season 1: I Had It Stolen From Me","11/27/24"
"The World’s Best Assassin: To Reincarnate in a Different World Aristocrat: Episode 2","11/27/24"
"Demon Slayer: Kimetsu no Yaiba:  : Episode 1","11/27/24"
"Food Wars!: Shokugeki no Soma: An Endless Wasteland","11/27/24"
"Teasing Master Takagi-san: Season 2: Episode 2","11/27/24"
"Pop Team Epic: Season 1: #1","11/27/24"
"Terminator Genisys","11/27/24"
"Pantheon: Season 1: Pantheon","11/27/24"
"Tokyo Override: Highway","11/27/24"
"Greatest Events of WWII in Colour: Blitzkrieg","11/27/24"
"The Forgotten Battle","11/27/24"
"Ready or Not","11/27/24"
"The Hunt","11/27/24"
"The Cursed Land","11/27/24"
"The Last House on the Left","11/27/24"
"M3GAN","11/26/24"
"The Flash","11/26/24"
"The Fairly OddParents: A New Wish: Season 1: A Dinosaur in Dimmadelphia / Fearless","11/25/24"
"The Fairly OddParents: A New Wish: Season 1: The Department of Magical Violations / Teacher's Pal","11/25/24"
"The Fairly OddParents: A New Wish: Season 1: Fly Pt. 1 / Fly Pt. 2","11/25/24"
"My Dearest: Episode 5","11/25/24"
"Cursed: Nimue","11/25/24"
"When They See Us: Limited Series: Part One","11/25/24"
"World War II: From the Frontlines: The Master Race","11/25/24"
"Lost: Pilot: Part 1","11/25/24"
"DAN DA DAN: Season 1: I've Got This Funny Feeling","11/24/24"
"Blue Lock: BLUE LOCK VS. U-20 JAPAN: Blue Genes","11/24/24"
"Jurnal Risa by Risa Saraswati","11/24/24"
"The Ritual","11/23/24"
"Our Oceans: Pacific Ocean","11/23/24"
"True Beauty: Limited Series: Episode 10","11/23/24"
"Sell Your Haunted House: Limited Series: Episode 3","11/22/24"
"Sell Your Haunted House: Limited Series: Episode 2","11/22/24"
"Sell Your Haunted House: Limited Series: Episode 1","11/21/24"
"The Mummy","11/21/24"
"The Shack","11/21/24"
"Badland Hunters","11/21/24"
"A Place Called Silence","11/21/24"
"Hot Frosty","11/21/24"
"Alita: Battle Angel","11/20/24"
"YOLO","11/20/24"
"The Raid 2","11/20/24"
"The Rain: Season 1: Stay Inside","11/20/24"
"Parasyte: The Maxim: The Metamorphosis","11/19/24"
"Parasyte: The Grey: Limited Series: Episode 1","11/19/24"
"Creation of the Gods I: Kingdom of Storms","11/19/24"
"Dampyr","11/19/24"
"Blue Lock: BLUE LOCK VS. U-20 JAPAN: Itoshi Sae","11/18/24"
"Mad Max: Fury Road","11/17/24"
"The Lost Children","11/17/24"
"Dexter: Dexter (Pilot)","11/17/24"
"Ma Da","11/16/24"
"Jake Paul vs. Mike Tyson","11/16/24"
"DAN DA DAN: Season 1: To a Kinder World","11/15/24"
"True Beauty: Limited Series: Episode 9","11/15/24"
"True Beauty: Limited Series: Episode 8","11/14/24"
"True Beauty: Limited Series: Episode 7","11/13/24"
"Ghostbusters: Afterlife","11/13/24"
"Young Sheldon: Season 7: A Roulette Wheel and a Piano Playing Dog","11/12/24"
"Young Sheldon: Season 7: A Wiener Schnitzel and Underwear in a Tree","11/12/24"
"Young Sheldon: Season 6: A Tornado, a Ten-Hour Flight and a Darn Fine Ring","11/12/24"
"Young Sheldon: Season 6: A Romantic Getaway and a Germanic Meat-Based Diet","11/12/24"
"Young Sheldon: Season 6: German for Beginners and a Crazy Old Man with a Bat","11/12/24"
"Young Sheldon: Season 6: A New Weather Girl and a Stay-at-Home Coddler","11/12/24"
"Young Sheldon: Season 6: Little Green Men and a Fella's Marriage Proposal","11/12/24"
"Young Sheldon: Season 6: A German Folk Song and an Actual Adult","11/12/24"
"Young Sheldon: Season 6: A Stolen Truck and Going on the Lam","11/12/24"
"Young Sheldon: Season 6: Teen Angst and a Smart-Boy Walk of Shame","11/12/24"
"Young Sheldon: Season 6: A Launch Party and a Whole Human Being","11/12/24"
"Young Sheldon: Season 6: A Frat Party, a Sleepover and the Mother of All Blisters","11/12/24"
"Young Sheldon: Season 6: A Baby Shower and Testosterone-Rich Banter","11/12/24"
"Young Sheldon: Season 6: Ruthless, Toothless and a Week of Bed Rest","11/12/24"
"Young Sheldon: Season 6: Pancake Sunday and Textbook Flirting","11/12/24"
"Young Sheldon: Season 6: College Dropouts and the Medford Miracle","11/12/24"
"Young Sheldon: Season 6: Legalese and a Whole Hoo-Ha","11/12/24"
"Young Sheldon: Season 6: A Tougher Nut and a Note on File","11/12/24"
"True Beauty: Limited Series: Episode 6","11/12/24"
"True Beauty: Limited Series: Episode 5","11/12/24"
"Young Sheldon: Season 6: An Ugly Car, an Affair and Some Kickass Football","11/12/24"
"The Big Bang Theory: Pilot","11/12/24"
"Resident Evil: Vendetta","11/11/24"
"RESIDENT EVIL: Infinite Darkness: Episode 1","11/11/24"
"Resident Evil: Degeneration","11/11/24"
"LOL Surprise: The Movie","11/11/24"
"Dawn of the Dead","11/11/24"
"Young Sheldon: Season 6: A Resident Advisor and the Word 'Sketchy'","11/11/24"
"Young Sheldon: Season 6: Blonde Ambition and the Concept of Zero","11/11/24"
"Young Sheldon: Season 6: Passion's Harvest and a Sheldocracy","11/11/24"
"Young Sheldon: Season 6: Future Worf and the Margarita of the South Pacific","11/11/24"
"Young Sheldon: Season 6: Four Hundred Cartons of Undeclared Cigarettes and a Niblingo","11/11/24"
"Young Sheldon: Season 5: A Clogged Pore, a Little Spanish and the Future","11/11/24"
"Young Sheldon: Season 5: White Trash, Holy Rollers and Punching People","11/11/24"
"Young Sheldon: Season 5: Uncle Sheldon and a Hormonal Firecracker","11/11/24"
"Young Sheldon: Season 5: A God-Fearin' Baptist and a Hot Trophy Husband","11/11/24"
"Young Sheldon: Season 5: Babies, Lies and a Resplendent Cannoli","11/11/24"
"Young Sheldon: Season 5: A Solo Peanut, a Social Butterfly and the Truth","11/11/24"
"Young Sheldon: Season 5: A Suitcase Full of Cash and a Yellow Clown Car","11/11/24"
"Young Sheldon: Season 5: A Lobster, an Armadillo and a Way Bigger Number","11/11/24"
"Young Sheldon: Season 5: A Free Scratcher and Feminine Wiles","11/11/24"
"Young Sheldon: Season 5: A Lot of Band-Aids and the Cooper Surrender","11/11/24"
"Blue Lock: BLUE LOCK VS. U-20 JAPAN: Grand Stage","11/11/24"
"Young Sheldon: Season 5: A Pink Cadillac and a Glorious Tribal Dance","11/11/24"
"Young Sheldon: Season 5: A Lock-In, a Weather Girl and a Disgusting Habit","11/11/24"
"Young Sheldon: Season 5: An Expensive Glitch and a Goof-Off Room","11/11/24"
"Young Sheldon: Season 5: The Yips and an Oddly Hypnotic Bohemian","11/11/24"
"Young Sheldon: Season 5: The Grand Chancellor and a Den of Sin","11/11/24"
"Young Sheldon: Season 5: An Introduction to Engineering and a Glob of Hair Gel","11/11/24"
"Young Sheldon: Season 5: Money Laundering and a Cascade of Hormones","11/10/24"
"Young Sheldon: Season 5: Stuffed Animals and a Sweet Southern Syzygy","11/10/24"
"Rush Hour 3","11/10/24"
"Young Sheldon: Season 5: Pish Posh and a Secret Back Room","11/10/24"
"Young Sheldon: Season 5: Potential Energy and Hooch on a Park Bench","11/10/24"
"Ipar Adalah Maut","11/10/24"
"Minions: The Rise of Gru","11/9/24"
"Young Sheldon: Season 5: Snoopin' Around and the Wonder Twins of Atheism","11/9/24"
"Young Sheldon: Season 5: One Bad Night and Chaos of Selfish Desires","11/9/24"
"Young Sheldon: Season 4: The Wild and Woolly World of Nonlinear Dynamics","11/9/24"
"Young Sheldon: Season 4: A Black Hole","11/9/24"
"Young Sheldon: Season 4: A Second Prodigy and the Hottest Tips for Pouty Lips","11/9/24"
"Young Sheldon: Season 4: A Virus, Heartbreak and a World of Possibilities","11/9/24"
"Young Sheldon: Season 4: Mitch's Son and the Unconditional Approval of a Government Agency","11/9/24"
"Young Sheldon: Season 4: The Geezer Bus and a New Model For Education","11/9/24"
"Young Sheldon: Season 4: A Box of Treasure and the Meemaw of Science","11/9/24"
"DAN DA DAN: Season 1: A Dangerous Woman Arrives","11/9/24"
"Blue Period: Prep School Debut of the Dead","11/5/24"
"Blue Lock: BLUE LOCK VS. U-20 JAPAN: FLOW","11/5/24"
"Blue Lock: BLUE LOCK VS. U-20 JAPAN: Chameleon","11/5/24"
"Kiki’s Delivery Service","11/5/24"
"Whisper of the Heart","11/5/24"
"The Boy and the Heron","11/5/24"
"Royal Tramp","11/5/24"
"Hail the Judge","11/5/24"
"Marni: The Story of Wewe Gombel","11/4/24"
"Sing 2","11/4/24"
"Constantine","11/4/24"
"Woman of the Hour","11/4/24"
"Blue Box: Chii","11/1/24"
"How to Become Ordinary: Season 1: How to Make Good Cocoa　","11/1/24"
"How to Become Ordinary: Season 1: Sheep's Costume","11/1/24"
"Suicide Squad ISEKAI: Episode 1","11/1/24"
"DAN DA DAN: Season 1: Like, Where Are Your Balls?!","11/1/24"
"JoJo's Bizarre Adventure: STONE OCEAN: Stone Ocean","11/1/24"
"Kaguya-sama: Love Is War: I Will Make You Invite Me to a Movie/Kaguya Wants to Be Stopped/Kaguya Wants It","11/1/24"
"The Yakuza's Guide to Babysitting: A Kind Person","10/29/24"
"Aggretsuko: Season 3: A Sheltered Life","10/28/24"
"My Girlfriend Is a Gumiho: Limited Series: Episode 1","10/28/24"
"Robin-B-Hood","10/28/24"
"How I Attended an All-Guy's Mixer: That Time I Went to a Mixer and… ","10/28/24"
"I Not Stupid Too","10/28/24"
"DAN DA DAN: Season 1: Kicking Turbo Granny's Ass","10/28/24"
"DAN DA DAN: Season 1: It's a Granny vs. Granny Clash!","10/28/24"
"Warrior Awang and Master Tok Gajah","10/27/24"
"Saving Private Ryan","10/27/24"
"Ice Age: Dawn of the Dinosaurs","10/27/24"
"One Piece Fan Letter","10/26/24"
"My Dearest: Episode 4","10/25/24"
"My Dearest: Episode 3","10/25/24"
"My Dearest: Episode 2","10/24/24"
"My Dearest: Episode 1","10/24/24"
"Makeine: Too Many Losing Heroines!: The Promised Failure for You","10/24/24"
"Makeine: Too Many Losing Heroines!: Professional Childhood Friend Anna Yanami's Style of Losing","10/24/24"
"Failure Frame: I Became the Strongest and Annihilated Everything with Low-Level Spells: The Goddess Who Summoned","10/24/24"
"Ice Age: Collision Course","10/23/24"
"Blue Lock: BLUE LOCK VS. U-20 JAPAN: The World of Feeling","10/23/24"
"Blue Lock The Movie -Episode Nagi-","10/23/24"
"Turbo","10/21/24"
"Code 8 Part II","10/21/24"
"Spider-Man: No Way Home","10/21/24"
"Kondal","10/20/24"
"Outside","10/20/24"
"Wu Kong","10/20/24"
"Gundam: Requiem for Vengeance: Haunted Forest","10/20/24"
"Gundam: Requiem for Vengeance: Convoy to Oblivion","10/20/24"
"Gundam: Requiem for Vengeance: The River","10/20/24"
"Gundam: Requiem for Vengeance: Night Caller","10/20/24"
"Grizzy and the Lemmings: Season 3: Pour Des Cacahuètes","10/19/24"
"Grizzy and the Lemmings: Season 3: Minis ennuis","10/19/24"
"Grizzy and the Lemmings: Season 3: Lemmings vrombissants","10/19/24"
"Grizzy and the Lemmings: Season 3: Pouvoirs masqués","10/19/24"
"Grizzy and the Lemmings: Season 3: Retour de l'être aimé","10/19/24"
"Grizzy and the Lemmings: Season 3: Cabane Sur Glace","10/19/24"
"Grizzy and the Lemmings: Season 3: Activités primitives","10/19/24"
"Grizzy and the Lemmings: Season 3: Choc thermique !","10/19/24"
"Teenage Mutant Ninja Turtles","10/19/24"
"Gundam: Requiem for Vengeance: Junkyard","10/19/24"
"Gundam: Requiem for Vengeance: Broken","10/19/24"
"ariana grande: excuse me, i love you","10/19/24"
"BLACKPINK: Light Up the Sky","10/19/24"
"One Direction: This Is Us","10/19/24"
"Lookism: New Life","10/19/24"
"The Harder They Fall","10/18/24"
"Romance in the House: Limited Series: A Bolt from the Blue","10/18/24"
"Kung Fu Panda: The Dragon Knight: Season 1: The Lost City","10/17/24"
"Kung Fu Panda: The Dragon Knight: Season 1: The Gateway to the Desert","10/17/24"
"True Beauty: Limited Series: Episode 4","10/17/24"
"True Beauty: Limited Series: Episode 3","10/17/24"
"True Beauty: Limited Series: Episode 2","10/17/24"
"Rise of the Legend","10/16/24"
"Oh My Venus: Limited Series: Episode 1","10/15/24"
"Culinary Class Wars: Season 1: Episode 1","10/15/24"
"Partners for Justice: Season 1: Episode 5","10/15/24"
"True Beauty: Limited Series: Episode 1","10/15/24"
"Godzilla vs. Kong","10/15/24"
"Mr. Hiiragi’s Homeroom: Episode 5","10/14/24"
"Mr. Hiiragi’s Homeroom: Episode 4","10/14/24"
"Bubble","10/14/24"
"Blue Box: You Have to Go to Nationals","10/14/24"
"Blue Lock: BLUE LOCK VS. U-20 JAPAN: Tryout","10/14/24"
"My Hero Academia: Season 7: Battle Without a Quirk","10/14/24"
"The Mask of Zorro","10/13/24"
"RED 2","10/13/24"
"The Predator","10/13/24"
"The Adventures of Puss in Boots: Hidden","10/12/24"
"Teenage Mutant Ninja Turtles","10/11/24"
"The Disastrous Life of Saiki K.: Reawakened: Three Men, A Little Girl, A Police Officer and A Dog","10/11/24"
"The Disastrous Life of Saiki K.: Season 3: Episode 2","10/11/24"
"The Disastrous Life of Saiki K.: Season 3: Episode 1","10/11/24"
"Mr. Hiiragi’s Homeroom: Episode 3","10/11/24"
"Mr. Hiiragi’s Homeroom: Episode 2","10/10/24"
"The Mist","10/10/24"
"Playing with Fire","10/10/24"
"Blue Lock: BLUE LOCK: The Formula for Goals","10/6/24"
"My Hero Academia: Season 7: A Girl's Ego","10/5/24"
"Evan Almighty","10/5/24"
"Kung Fu Panda: The Dragon Knight: Season 1: The Legend of Master Longtooth","10/4/24"
"Kung Fu Panda: The Dragon Knight: Season 1: The Lotus","10/4/24"
"Kung Fu Panda: The Dragon Knight: Season 1: The Knight's Code","10/4/24"
"Kung Fu Panda: The Dragon Knight: Season 1: A Cause for the Paws","10/4/24"
"The Bad Guys","10/4/24"
"The Greatest Demon Lord Is Reborn as a Typical Nobody: Nonstandard","10/4/24"
"Blue Box: Chinatsu Senpai","10/4/24"
"Arifureta: From Commonplace to World's Strongest: 1st season: Episode 1","10/4/24"
"The Elusive Samurai: Hang in there, Tokiyuki, Until the Day You Retake Kamakura","10/4/24"
"Kung Fu Panda: The Dragon Knight: Season 3: The Dragon Knights Part 2","10/3/24"
"Kung Fu Panda: The Dragon Knight: Season 3: The Dragon Knights Part 1","10/3/24"
"Kung Fu Panda: The Dragon Knight: Season 3: The Beginning of the End","10/3/24"
"Kung Fu Panda: The Dragon Knight: Season 3: A Teacup Filled with the Self","10/3/24"
"Kung Fu Panda: The Dragon Knight: Season 3: The Last Dumont","10/3/24"
"Kung Fu Panda: The Dragon Knight: Season 3: The Master Key","10/3/24"
"Reincarnated as a Sword: An Excited Fran Sets Off","10/2/24"
"Reincarnated as a Sword: The Summoned Demon Wolf","10/2/24"
"Reincarnated as a Sword: The Totally Unfair Spider Traps","10/2/24"
"Wrath of the Titans","10/2/24"
"Clash of the Titans","10/2/24"
"Blue Period: He's Not Tanned At All","10/1/24"
"Blue Period: Awakening to the Joy of Painting","10/1/24"
"Hell's Paradise: Jigokuraku: Season 1: Criminal and Executioner","10/1/24"
"Bleach: The Lost Agent: 3rd Year High School Student! Dressed up, and a New Chapter Begins!","10/1/24"
"Reincarnated as a Sword: The A-Rank Adventurer Is a Monster","10/1/24"
"Reincarnated as a Sword: The Villainous Blue Cat","10/1/24"
"Reincarnated as a Sword: The Vice Captain of the Knights is Annoying","10/1/24"
"Reincarnated as a Sword: The Greater Demon Cheated","10/1/24"
"Reincarnated as a Sword: The Feeble First Dungeon","10/1/24"
"Reincarnated as a Sword: The Terrifying Goblin Stampede","10/1/24"
"Reincarnated as a Sword: The Grizzled Old Blacksmith","10/1/24"
"Reincarnated as a Sword: The Hellish Trial at the Adventurer's Guild","10/1/24"
"Reincarnated as a Sword: Catgirl Meets Sword","10/1/24"
"NieR:Automata Ver1.1a: or not to [B]e","10/1/24"
"To Your Eternity: Season 2: Infatuation Reborn","10/1/24"
"Sengoku Youko: The Reformer Siblings Arc: We Are Those Who Lament This Barbaric Age","10/1/24"
"Natsume's Book of Friends: Fleeting Light","10/1/24"
"Dead Mount Death Play: The New World","9/30/24"
"Dead Mount Death Play: The Reincarnation","9/30/24"
"Platinum End: Gift from an Angel","9/30/24"
"Mr. Hiiragi’s Homeroom: Episode 1","9/30/24"
"Kung Fu Panda: The Dragon Knight: Season 3: The Poison Ravine","9/29/24"
"Kung Fu Panda: The Dragon Knight: Season 3: The Pangea-ing","9/29/24"
"Kung Fu Panda: The Dragon Knight: Season 3: The Battle of Tianshang Part 2","9/29/24"
"Kung Fu Panda: The Dragon Knight: Season 3: The Battle of Tianshang Part 1","9/29/24"
"Kung Fu Panda: The Dragon Knight: Season 3: Luthera's Shield","9/29/24"
"Kung Fu Panda: The Dragon Knight: Season 3: Black Steel of the Equinox","9/29/24"
"Kung Fu Panda: The Dragon Knight: Season 3: Benny and the Jests","9/29/24"
"Kung Fu Panda: The Dragon Knight: Season 3: Tea Time Trouble","9/29/24"
"Kung Fu Panda: The Dragon Knight: Season 3: The Bog-ey Man of Festermouth","9/29/24"
"Kung Fu Panda: The Dragon Knight: Season 3: The English Opening","9/29/24"
"Kung Fu Panda: The Dragon Knight: Season 3: A Family Friend","9/29/24"
"Kung Fu Panda: The Dragon Knight: Season 3: Baddie Issues","9/29/24"
"Kung Fu Panda: The Dragon Knight: Season 3: The Trial of Mr. Ping","9/29/24"
"Kung Fu Panda: The Dragon Knight: Season 2: Epic Lunar New Year","9/29/24"
"Kung Fu Panda: The Dragon Knight: Season 2: Apok-ta-pokalypse Now Part 2","9/29/24"
"Kung Fu Panda: The Dragon Knight: Season 2: Apok-ta-pokalypse Now Part 1","9/29/24"
"Kung Fu Panda: The Dragon Knight: Season 2: The Mad Scientist","9/29/24"
"My Hero Academia: Season 7: I Am Here","9/28/24"
"The Gray Man","9/28/24"
"The Batman","9/28/24"
"The Demon Sword Master of Excalibur Academy: Awakening Souls","9/26/24"
"Why Does Nobody Remember Me in This World?: The Boy Forgotten by the World","9/26/24"
"The Elusive Samurai: Samurais Who are Eager to Die & An Elusive Samurai","9/26/24"
"Kung Fu Panda: The Dragon Knight: Season 2: An Uphill Battle","9/26/24"
"Kung Fu Panda: The Dragon Knight: Season 2: The Beast","9/26/24"
"Kung Fu Panda: The Dragon Knight: Season 2: Hide the Lightening","9/26/24"
"Kung Fu Panda: The Dragon Knight: Season 2: Mister Mastodon","9/26/24"
"Kung Fu Panda: The Dragon Knight: Season 2: The Pinging","9/26/24"
"Kung Fu Panda: The Dragon Knight: Season 2: Doom and Groom","9/26/24"
"Black Adam","9/26/24"
"BOFURI: I Don't Want to Get Hurt, so I'll Max Out My Defense.: Episode 11","9/25/24"
"BOFURI: I Don't Want to Get Hurt, so I'll Max Out My Defense.: Episode 10","9/25/24"
"The Demon Sword Master of Excalibur Academy: Imposted destiny","9/24/24"
"The Demon Sword Master of Excalibur Academy: Revival of the Dark Lord","9/24/24"
"Spectral","9/24/24"
"LEGO Ninjago: Season 1 - Secrets of Forbidden Spinjitzu: Boobytraps and How to Survive Them","9/23/24"
"My Hero Academia: Season 7: It's a Small World","9/22/24"
"How To Make Millions Before Grandma Dies","9/22/24"
"Tarot","9/22/24"
"Welcome to Demon School!  Iruma-kun: Season 2: The Student Council President's Gaze","9/19/24"
"Welcome to Demon School!  Iruma-kun: Season 2: The Maiden Demon","9/18/24"
"Welcome to Demon School!  Iruma-kun: Season 2: Ameri's Decision","9/18/24"
"Welcome to Demon School!  Iruma-kun: Season 2: The Ring's Secret","9/18/24"
"Overlord: End and Beginning","9/18/24"
"Rurouni Kenshin: The Ideal Man","9/18/24"
"Rurouni Kenshin: That Man - Raijuta","9/18/24"
"Beast (English)","9/17/24"
"Ghost in the Shell: SAC_2045: Season 1: NO NOISE NO LIFE - Sustainable War","9/17/24"
"My Hero Academia: Season 7: Hopes","9/17/24"
"My Hero Academia: Season 7: The Chain Thus Far","9/17/24"
"My Hero Academia: Season 7: Butterfly Effect","9/17/24"
"My Hero Academia: Season 7: Together with Shoji","9/17/24"
"My Hero Academia: Season 7: A Chain of Events, Across the Ages","9/17/24"
"My Hero Academia: Season 7: Those Who Defend, Those Who Violate","9/17/24"
"My Hero Academia: Season 7: Light Fades To Rain","9/17/24"
"My Hero Academia: Season 7: Wounded Hero, Burning Bright and True!!","9/17/24"
"My Hero Academia: Season 7: Extras","9/17/24"
"The Empress Ki: Episode 4","9/16/24"
"The Empress Ki: Episode 3","9/16/24"
"By the Grace of the Gods: Episode 3","9/16/24"
"The Woman in the Window","9/16/24"
"Sword Art Online Alternative: Gun Gale Online: Ⅰ: Squad Jam","9/16/24"
"The Wind Rises","9/16/24"
"Spice and Wolf: Merchant Meets The Wise Wolf: The Harvest Festival and The Crowded Driver's Box","9/16/24"
"Blue Lock: BLUE LOCK: Rush","9/16/24"
"Blue Lock: BLUE LOCK: I'm Sorry","9/16/24"
"Blue Lock: BLUE LOCK: To Be Reborn","9/16/24"
"Blue Lock: BLUE LOCK: Premonition and Intuition","9/16/24"
"Blue Lock: BLUE LOCK: Soccer's Zero","9/16/24"
"Blue Lock: BLUE LOCK: Monster","9/16/24"
"The Elusive Samurai: A Forest Inhabited by a God","9/16/24"
"The Elusive Samurai: The Gentle Uncle","9/16/24"
"Kung Fu Panda: The Dragon Knight: Season 2: One Last Job","9/16/24"
"Crash Landing on You: Limited Series: Episode 1","9/15/24"
"The Elusive Samurai: A Perverted Kid and Disturbances of Holy Power","9/15/24"
"The Elusive Samurai: My Buddha","9/15/24"
"The Elusive Samurai: A War of Hide and Seek","9/15/24"
"The Elusive Samurai: Children in Winter","9/15/24"
"Neon Genesis Evangelion: Angel Attack","9/15/24"
"Neon Genesis Evangelion: The Beast That Shouted 'I' at the Heart of the World","9/15/24"
"My Hero Academia: Season 7: Two Flashfires","9/15/24"
"My Hero Academia: Season 7: Inflation","9/15/24"
"My Hero Academia: Season 7: Division","9/15/24"
"My Hero Academia: Season 7: Let You Down","9/15/24"
"My Hero Academia: Season 7: The Story of How We All Became Heroes","9/15/24"
"The Smurfs","9/14/24"
"Monsters 103 Mercies Dragon Damnation","9/14/24"
"Attack on Titan: Season 1: To You, After 2,000 Years: The Fall of Shiganshina, Part 1","9/14/24"
"My Hero Academia: Season 7: Villain","9/14/24"
"My Hero Academia: Season 7: Specter","9/14/24"
"The Elusive Samurai: Steal the Imperial Command from Ogasawara's Residence at Night","9/14/24"
"The Elusive Samurai: Settling the Score! A Dog-Shooting Competition and then…","9/14/24"
"The Empress Ki: Episode 2","9/14/24"
"The Empress Ki: Episode 1","9/13/24"
"Homicide: Los Angeles: Hunting Phil Spector","9/13/24"
"Apollo 13: Survival","9/13/24"
"Molang: Season 2: The Side-Car","9/12/24"
"How to Rob a Bank","9/12/24"
"I Just Killed My Dad: Limited Series: I'm Not A Killer","9/12/24"
"Don't F**k with Cats: Hunting an Internet Killer: Limited Series: Cat and Mouse","9/12/24"
"Puff: Wonders of the Reef","9/12/24"
"The Indrani Mukerjea Story: Buried Truth: Episode 1","9/12/24"
"Ice Cold: Murder, Coffee and Jessica Wongso","9/12/24"
"Mosul","9/12/24"
"Menjelang Ajal","9/12/24"
"Incantation","9/12/24"
"Texas Chainsaw Massacre","9/12/24"
"Rahsia","9/12/24"
"Asih","9/12/24"
"Malignant","9/12/24"
"The Unholy","9/12/24"
"Kung Fu Panda: The Dragon Knight: Season 2: The Liar and the Thief","9/12/24"
"My Hero Academia: Season 7: In the Nick of Time!  A Big-Time Marverick from the West!","9/12/24"
"How to Train Your Dragon 2","9/12/24"
"The Ghosts Must Be Crazy","9/11/24"
"Ah Boys to Men","9/11/24"
"Knights of the Zodiac","9/11/24"
"Sixth Sense Agency: Episode 4","9/11/24"
"My Hero Academia: Season 7: Memories 1","9/11/24"
"My Hero Academia: Season 6: UA Heroes Battle","9/11/24"
"My Hero Academia: Season 6: No Man Is an Island","9/11/24"
"My Hero Academia: Season 6: A Young Woman’s Declaration","9/11/24"
"My Hero Academia: Season 6: Deku Vs Class A","9/10/24"
"My Hero Academia: Season 6: Friends","9/10/24"
"My Hero Academia: Season 6: The Lovely Lady Nagant","9/10/24"
"3 Ninjas: Kick Back","9/9/24"
"Breaking In","9/9/24"
"My Hero Academia: Season 6: Assassin","9/8/24"
"My Hero Academia: Season 6: Full Power!!","9/8/24"
"Sixth Sense Agency: Episode 3","9/8/24"
"My Hero Academia: Season 6: The Wrong Way to Put Out a Fire","9/8/24"
"My Hero Academia: Season 6: The Hellish Todoroki Family 2","9/8/24"
"The Deliverance","9/8/24"
"Sniper: Ultimate Kill","9/8/24"
"My Hero Academia: Season 6: Tartarus","9/8/24"
"My Hero Academia: Season 6: Hellish Hell","9/8/24"
"My Hero Academia: Season 6: Threads of Hope","9/7/24"
"My Hero Academia: Season 6: Dabi Rising","9/7/24"
"My Hero Academia: Season 6: The Ones Within Us","9/7/24"
"My Hero Academia: Season 6: Katsuki Bakugo: Rising","9/7/24"
"My Hero Academia: Season 6: League of Villains vs. U.A. Students","9/7/24"
"Gemini Man","9/7/24"
"Mechamato The Animated Series:  : Episode 3","9/6/24"
"Mechamato The Animated Series:  : Episode 2","9/6/24"
"Mechamato The Animated Series:  : Episode 1","9/6/24"
"Astro Boy","9/6/24"
"Superhero Movie","9/2/24"
"Terminator Zero: Model 101","9/2/24"
"My Hero Academia: Season 6: Disaster Walker","9/1/24"
"My Hero Academia: Season 6: Encounter 2","9/1/24"
"My Hero Academia: Season 6: The Thrill of Destruction","9/1/24"
"My Hero Academia: Season 6: Inheritance","9/1/24"
"My Hero Academia: Season 6: One's Justice","9/1/24"
"My Hero Academia: Season 6: Mirko, the No. 5 Hero","9/1/24"
"My Hero Academia: Season 6: The Quiet Beginning","9/1/24"
"Sixth Sense Agency: Episode 2","8/31/24"
"Sixth Sense Agency: Episode 1","8/31/24"
"IC 814: The Kandahar Hijack: Limited Series: Episode 1","8/31/24"
"My Hero Academia: Season 5: Laugh! As if you are in hell","8/31/24"
"LEGO® Ninjago Dragons Rising: Season 2: Shattered Dreams","8/30/24"
"Snow White & the Huntsman","8/30/24"
"The Conjuring","8/30/24"
"My Hero Academia: Season 5: HLB","8/30/24"
"In the Shadow of the Moon","8/28/24"
"Rebel Moon — Part One: A Child of Fire","8/28/24"
"Damsel","8/28/24"
"A Vampire in the Family","8/28/24"
"My Hero Academia: Season 5: The High, Deep Blue Sky","8/28/24"
"My Hero Academia: Season 5: Sad Man's Parade","8/28/24"
"My Hero Academia: Season 5: Revival Party!","8/28/24"
"My Hero Academia: Season 5: My Villain Academia","8/28/24"
"My Hero Academia: Season 5: More of a Hero Than Anyone","8/27/24"
"My Hero Academia: Season 5: The Unforgiven","8/27/24"
"My Hero Academia: Season 5: The Hellish Todoroki Family","8/27/24"
"My Hero Academia: Season 5: Long Time No See, Selkie","8/27/24"
"My Hero Academia: Season 5: One Step at a Time","8/27/24"
"My Hero Academia: Season 5: Off to Endeavor's Agency!","8/27/24"
"The Babysitter: Killer Queen","8/25/24"
"My Hero Academia: Season 5: Merry Christmas","8/25/24"
"My Hero Academia: Season 5: The New Power and All For One","8/25/24"
"My Hero Academia: Season 5: Operation New Improved Moves!","8/25/24"
"Surf's Up: Wave Mania","8/25/24"
"ALVINNN!!! And the Chipmunks: Season 5: Deserted / The Great Snack Off","8/25/24"
"My Hero Academia: Season 4: Make It! Do-or-Die Survival Training, Part 2","8/24/24"
"My Hero Academia: Season 4: Make It! Do-or-Die Survival Training, Part 1","8/24/24"
"My Hero Academia: Season 4: His Start","8/24/24"
"My Hero Academia: Season 4: Japanese Hero Billboard Chart","8/24/24"
"The Frog: Limited Series: Do You Know What They Call People Like Us?","8/24/24"
"My Hero Academia: Season 4: Let It Flow! School Festival!","8/24/24"
"My Hero Academia: Season 4: School Festival Start!!","8/24/24"
"My Hero Academia: Season 4: Deku Vs. Gentle Criminal","8/24/24"
"My Hero Academia: Season 4: Gold Tips Imperial","8/23/24"
"My Hero Academia: Season 4: Prepping For The School Festival Is The Most Fun Part","8/23/24"
"My Hero Academia: Season 4: School Festival","8/23/24"
"My Hero Academia: Season 4: Relief For License Trainees","8/23/24"
"Lagi Lagi Senario","8/23/24"
"Malbatt: Misi Bakara","8/23/24"
"My Hero Academia: Season 4: Win Those Kids' Hearts","8/22/24"
"My Hero Academia: Season 4: Smoldering Flames","8/22/24"
"My Hero Academia: Season 4: Bright Future","8/22/24"
"My Hero Academia: Season 4: Infinite 100%","8/22/24"
"My Hero Academia: Season 4: Lemillion","8/21/24"
"My Hero Academia: Season 4: Temp Squad","8/21/24"
"My Hero Academia: Season 4: Red Riot","8/21/24"
"My Hero Academia: Season 4: Suneater Of The Big Three","8/21/24"
"My Hero Academia: Season 4: Go!!","8/21/24"
"Invader Zim: Enter the Florpus","8/19/24"
"The Swindlers","8/19/24"
"When Ghost Meets Zombie","8/19/24"
"Daughters","8/19/24"
"Captain Underpants Mega Blissmas","8/18/24"
"Jurassic World: Dominion","8/18/24"
"Sakuna: Of Rice and Ruin: Princess Sakuna of the Lofty Realm","8/17/24"
"Angry Birds: Season 3: Broken Chair / Hidden Talent / Let's Tango / Gift Wrapped / Parkour / Make It or Break It / Trampoline Rescue / Picnic Bandit / Doorbell Symphony / Piggin' String / Pig City Valentine / Ramp Champ","8/17/24"
"Angry Birds: Season 3: Pumpkin Head / For Pig's Sake / Art School / Up the Ladder / On Target / First Love / Knights of the BBQ / JoyRide / Slam Punk / Light Riders / Holiday Heist / Joyful Jingle","8/17/24"
"Angry Birds: Season 3: Shadow Pig / Hiccups / Remote Pig / Ball Game / Sticky Feathers / Three-Ring Circus / Sprung Out / The Cutest Weapon / Scary Fog / Getaway Loot / Muffin Master / Snout Invasion","8/17/24"
"Angry Birds: Season 3: One Big Hurdle / Chalk It Up / The Bubble Trick / Piggy Vaulting / Hatch Off / Bust a Move / Trap-A-Geddon / Kite / Bad Signal / Ghost Hog / Hard Days Light / Branched Out","8/17/24"
"Angry Birds: Season 3: Wrong Floor / Sharpest Shooter / Magic Matchup / Light Dance / Mighty Delivery / Whistle / Camp Out / Flight Club / Road Hog / Slingshot Delivery / Cops 'n' Robbers / Hoop and Loop","8/17/24"
"Angry Birds: Season 4 - Slingshot Stories & Bubble Trouble: Bubble Trouble - Part 2","8/17/24"
"Bocchi the Rock!: Enoshima Escar","8/17/24"
"The Epic Tales of Captain Underpants: Captain Underpants and the Frenzied Farts of Flabby Flabulous","8/17/24"
"Poison","8/16/24"
"The Wonderful Story of Henry Sugar","8/16/24"
"Angry Birds: Season 4 - Slingshot Stories & Bubble Trouble: Bubble Trouble - Part 1","8/16/24"
"Angry Birds: Season 4 - Slingshot Stories & Bubble Trouble: Slingshot Stories - Part 4","8/16/24"
"Angry Birds: Season 4 - Slingshot Stories & Bubble Trouble: Slingshot Stories - Part 3","8/16/24"
"Angry Birds: Season 4 - Slingshot Stories & Bubble Trouble: Slingshot Stories - Part 2","8/16/24"
"Angry Birds: Season 4 - Slingshot Stories & Bubble Trouble: Slingshot Stories - Part 1","8/16/24"
"Sol Levante","8/16/24"
"Bungo Stray Dogs: Rashōmon and the Tiger","8/16/24"
"My Hero Academia: Season 4: An Unpleasant Talk","8/15/24"
"My Hero Academia: Season 4: Let's Go, Gutsy Red Riot","8/15/24"
"Mr. Midnight: Beware The Monsters: Episode 1","8/15/24"
"The Bureau of Magical Things: A Magical Mishap","8/14/24"
"Kingsman: The Secret Service","8/14/24"
"A Series of Unfortunate Events: Season 1: The Reptile Room: Part Two","8/13/24"
"A Series of Unfortunate Events: Season 1: The Reptile Room: Part One","8/13/24"
"A Series of Unfortunate Events: Season 1: The Bad Beginning: Part Two","8/13/24"
"A Series of Unfortunate Events: Season 1: The Bad Beginning: Part One","8/13/24"
"Grizzy and the Lemmings: Season 3: Mon ami le pingouin","8/10/24"
"Grizzy and the Lemmings: Season 3: Super star polaire","8/10/24"
"13 Going on 30","8/10/24"
"The Princess Switch 3: Romancing the Star","8/9/24"
"My Hero Academia: Season 4: Fighting Fate","8/8/24"
"My Hero Academia: Season 4: Boy Meets...","8/8/24"
"My Hero Academia: Season 4: Overhaul","8/8/24"
"My Hero Academia: Season 4: The Scoop On U.A. Class 1-A","8/7/24"
"My Hero Academia: Season 3: Unrivaled","8/7/24"
"My Hero Academia: Season 3: A Season for Encounters","8/7/24"
"Secret World of Sound with David Attenborough: Hunters and Hunted","8/7/24"
"My Hero Academia: Season 3: Deku vs. Kacchan, Part 2","8/7/24"
"My Hero Academia: Season 3: A Talk about Your Quirk","8/7/24"
"My Hero Academia: Season 3: What's the Big Idea?","8/7/24"
"My Hero Academia: Season 3: Special Episode: Save the World with Love!","8/7/24"
"My Hero Academia: Season 3: Rescue Exercises","8/7/24"
"My Hero Academia: Season 3: Shiketsu High Lurking","8/7/24"
"My Hero Academia: Season 3: The Test","8/7/24"
"Vampires vs. the Bronx","8/7/24"
"Kung Fu Panda: The Dragon Knight: Season 1: The Knight's Fall Part 2","8/6/24"
"Kung Fu Panda: The Dragon Knight: Season 1: The Knight's Fall Part 1","8/6/24"
"BoBoiBoy Galaxy: Windara: Episode 4","8/6/24"
"BoBoiBoy Galaxy: Windara: Episode 3","8/6/24"
"BoBoiBoy Galaxy: Windara: Episode 2","8/6/24"
"BoBoiBoy Galaxy: Windara: Episode 1","8/6/24"
"Borderless Fog","8/6/24"
"My Hero Academia: Season 3: Create Those Ultimate Moves","8/5/24"
"My Hero Academia: Season 3: Moving into Dorms","8/5/24"
"My Hero Academia: Season 3: End of the Beginning, Beginning of the End","8/5/24"
"Fantastic Beasts: The Secrets of Dumbledore","8/5/24"
"Godzilla Singular Point: Terzetto","8/5/24"
"Godzilla Minus One/Minus Color","8/5/24"
"The Murderer","8/4/24"
"Too Old for Fairy Tales","8/2/24"
"Too Old for Fairy Tales 2","8/2/24"
"A Good Girl's Guide to Murder: Season 1: Episode 1","8/2/24"
"My Hero Academia: Season 2: Todoroki vs. Bakugo","8/1/24"
"My Hero Academia: Season 2: Fight on, Iida","8/1/24"
"My Hero Academia: Season 2: Shoto Todoroki: Origin","8/1/24"
"My Hero Academia: Season 2: Bakugo vs. Uraraka","8/1/24"
"My Hero Academia: Season 2: Battle on, Challengers!","8/1/24"
"My Hero Academia: Season 2: Victory or Defeat","7/31/24"
"My Hero Academia: Season 2: The Boy Born with Everything","7/31/24"
"The Elusive Samurai: Sadamune Appears!","7/30/24"
"Miss Night and Day: Limited Series: Episode 1","7/29/24"
"Kleks Academy","7/25/24"
"Munkar","7/24/24"
"A Silent Voice","7/23/24"
"Wind Breaker: Season 1: For a Friend","7/22/24"
"Wind Breaker: Season 1: The Dependable One","7/22/24"
"Wind Breaker: Season 1: New Classmates","7/22/24"
"Sweet Home: Season 1: Episode 1","7/21/24"
"Bungo Stray Dogs: The Beauty Is Quiet Like a Stone Statue","7/20/24"
"Alya Sometimes Hides Her Feelings in Russian: Alya Hiding Her Feelings in Russian","7/16/24"
"Gods of Egypt","7/16/24"
"Bungo Stray Dogs: Teaching Them To Kill; Then To Die","7/14/24"
"Bungo Stray Dogs: Love for the Disease Called Ideals","7/14/24"
"Bungo Stray Dogs: The Azure Messenger","7/14/24"
"Bungo Stray Dogs: Murder on D Street","7/14/24"
"From Me to You: Kimi ni Todoke: Present","7/14/24"
"Tomo-chan Is a Girl!: Best Bud's Secret / Let's Go on a Date!","7/14/24"
"Fruits Basket: Fruits Basket The Final: Goodbye","7/14/24"
"Rabbids Invasion: Season 4: Rabbid's Island / The Masked Rabbid / Musketeer Rabbid","7/8/24"
"Rabbids Invasion: Season 4: Rabbid Cupid /Little Red Rabbid Hood / Teddy-Rabbid","7/8/24"
"Rabbids Invasion: Season 4: Rabbid Clowns / Rabbid and the Barbecue of Doom / No Costume for a Rabbid","7/8/24"
"Rabbids Invasion: Season 4: Tropical Rabbids/Rabbid Dragon/Boxing Rabbid","7/8/24"
"Rabbids Invasion: Season 4: Rabbid Jockey/Viking Rabbid/ Rabbid Road-warrior","7/8/24"
"Rabbids Invasion: Season 4: Rabbid of the Jungle/The Princess Rabbid/Rabbid Jailbirds","7/8/24"
"Rabbids Invasion: Season 4: Rabbid as a Doorknob/Rabbid Picnic/Rabbid Brain Exchange","7/8/24"
"Rabbids Invasion: Season 4: The Revenge of the Rabbid Mole/Rabbid Special Unit/Rabbid Elit","7/8/24"
"Rabbids Invasion: Season 4: Mad Rabbid and the Secret of the Flying Submarine","7/8/24"
"Rabbids Invasion: Season 4: The Great Rabbid Escape / Drive, Rabbid ! / The Great Rabbid Chase","7/8/24"
"Dragons: Race to the Edge: Season 1: Have Dragon Will Travel, Part 2","7/8/24"
"Dragons: Race to the Edge: Season 1: Have Dragon Will Travel, Part 1","7/8/24"
"Dragons: Race to the Edge: Season 1: Quake, Rattle and Roll","7/8/24"
"Dragons: Race to the Edge: Season 1: Crushing It","7/8/24"
"Dragons: Race to the Edge: Season 1: Reign of Fireworms","7/8/24"
"Dragons: Race to the Edge: Season 1: Gone Gustav Gone","7/8/24"
"Dragons: Race to the Edge: Season 1: Big Man on Berk","7/8/24"
"Dragons: Race to the Edge: Season 1: When Darkness Falls","7/8/24"
"Dragons: Race to the Edge: Season 1: Imperfect Harmony","7/8/24"
"Dragons: Race to the Edge: Season 1: Eye of the Beholder, Part 2","7/8/24"
"Dragons: Race to the Edge: Season 1: Eye of the Beholder, Part 1","7/8/24"
"Madagascar","7/7/24"
"Rabbids Invasion: Season 4: The Rabbid Stowaway / Rabbid 000 Vs. Captain Furious / Night of the Living-Rabbids","7/7/24"
"Rabbids Invasion: Season 4: Rabbid Investigation / Rabbid Exfiltration / Rabbids in Trouble","7/7/24"
"86 EIGHTY-SIX: Episode 3","7/7/24"
"86 EIGHTY-SIX: Episode 2","7/7/24"
"86 EIGHTY-SIX: Episode 1","7/7/24"
"Rebel Moon — Part Two: The Scargiver","7/5/24"
"Demon Slayer: Kimetsu no Yaiba: Hashira Training Arc: The Hashira Unite","7/4/24"
"【OSHI NO KO】: Season 2: Tokyo Blade","7/4/24"
"Jurassic Park III","6/30/24"
"Rabbids Invasion: Season 4: The Bride of Bwah-Cula / Bwah-Cula's Wedding / The Bowtie and the Rabbid","6/26/24"
"Monster-in-Law","6/26/24"
"American Nightmare: Part One: The Boyfriend","6/26/24"
"Angry Birds: Season 3: Batter Up / The Mime / Scared Sick / Lost Piggy / Final Curtain / Build-a-Blue / The Hatchonaut / The Last Act / Green and Furious / Egg Hunt / Pigs Can Fly","6/25/24"
"Angry Birds: Season 3: School's Up / Snout on the Wall / Reabduction / Piggy Dive / Slip Up / Snack Time / Hypno Daze / Trick Shots / All Feathers on Deck / Post No Pigs / Well Done / Getaway Graffiti","6/25/24"
"Angry Birds: Season 3: Bouncing Buffoon / Pig Interrupted / Pig Expectations / Holiday Song / The Last Strawberry / Little Big Heroes / The Bad and the Blues / Triple Time-out / Dream Dog / Happy New Pig / Pork Brigade / Dodge and Deliver","6/25/24"
"Molang: Season 4: Hercules","6/21/24"
"Molang: Season 4: The Visit","6/21/24"
"Molang: Season 4: The Troll","6/21/24"
"Molang: Season 4: The Vikings","6/21/24"
"Molang: Season 4: Zero","6/21/24"
"Molang: Season 4: A Great Heart","6/21/24"
"Molang: Season 4: The Titanic","6/21/24"
"Molang: Season 4: Loch Ness","6/21/24"
"Molang: Season 4: King Molang","6/21/24"
"Molang: Season 4: The Mariachis","6/21/24"
"Molang: Season 4: The Unicorn","6/21/24"
"Molang: Season 4: Treasure Island","6/21/24"
"Molang: Season 4: The Rose","6/21/24"
"Molang: Season 4: The Wooden Egg","6/21/24"
"Molang: Season 4: The Mermaids","6/21/24"
"Molang: Season 4: The Circus Games","6/21/24"
"Molang: Season 4: The Musicians","6/21/24"
"Molang: Season 4: The Samurai","6/21/24"
"Molang: Season 4: Aviation Pioneers","6/21/24"
"Molang: Season 4: Aerobatics","6/21/24"
"Molang: Season 4: Fire","6/21/24"
"Molang: Season 4: All the Colors","6/21/24"
"Molang: Season 4: Photography","6/21/24"
"Molang: Season 4: Pegasus","6/21/24"
"Molang: Season 4: The Labyrinth","6/21/24"
"Molang: Season 4: The Curtsey","6/21/24"
"Molang: Season 4: Dream Job","6/21/24"
"Molang: Season 4: The Songbird","6/21/24"
"Molang: Season 4: The Great Laundry","6/21/24"
"Molang: Season 4: The Goose","6/21/24"
"Molang: Season 4: The Musketeers","6/21/24"
"Molang: Season 4: The Bicycle","6/21/24"
"Molang: Season 4: The King's Necklace","6/21/24"
"Molang: Season 4: The King is Bored","6/21/24"
"Molang: Season 4: The Cruise","6/21/24"
"Molang: Season 4: The Perfum","6/21/24"
"Molang: Season 4: Cyclops","6/21/24"
"The Disastrous Life of Saiki K.: Season 2: Episode 1","6/21/24"
"Natsume's Book of Friends: The Little Fox's Hat","6/20/24"
"Home Alone 2: Lost in New York","6/20/24"
"Home Alone","6/20/24"
"Natsume's Book of Friends: Swallow at the Lake Bottom","6/19/24"
"Natsume's Book of Friends: Heart-Colored Ticket","6/19/24"
"Natsume's Book of Friends: Shigure and the Girl","6/19/24"
"Natsume's Book of Friends: The Mysterious Person at the Eight Fields","6/19/24"
"Natsume's Book of Friends: The Dew-God's Small Shrine","6/18/24"
"Natsume's Book of Friends: The Cat and the Book of Friends","6/18/24"
"Kaiju No. 8: Season 1: Secret Revealed","6/18/24"
"The World’s Best Assassin: To Reincarnate in a Different World Aristocrat: Episode 1","6/13/24"
"Kaiju No. 8: Season 1: Raid on Tachikawa Base","6/12/24"
"Kaiju No. 8: Season 1: Welcome to the Defense Force","6/12/24"
"Kaiju No. 8: Season 1: Kaiju No. 9","6/12/24"
"Kaiju No. 8: Season 1: Sagamihara Neutralization Operation at Daybreak","6/12/24"
"Kaiju No. 8: Season 1: Joining Up!","6/12/24"
"Kaiju No. 8: Season 1: Fortitude 9.8","6/12/24"
"Kaiju No. 8: Season 1: Revenge Match","6/11/24"
"Kaiju No. 8: Season 1: Kaiju Beats Kaiju","6/11/24"
"Kaiju No. 8: Season 1: The Man Who Became a Kaiju","6/11/24"
"The Asunta Case: Limited Series: September 21","6/11/24"
"Skip and Loafer: Sleepy and Bouncy","6/10/24"
"Skip and Loafer: Sizzly and Thingy","6/10/24"
"Skip and Loafer: Flappy and Favoritey","6/10/24"
"Skip and Loafer: Rainy and Prickly","6/10/24"
"Skip and Loafer: Stabby and Cheery","6/10/24"
"The Ice Guy and His Cool Female Colleague: Lost in Amusement Park","6/10/24"
"The Ice Guy and His Cool Female Colleague: The Fox Girl and the Phoenix Boy","6/10/24"
"The Violence Action","6/10/24"
"BLAME!","6/10/24"
"The Mother","6/10/24"
"Reply 1988: Season 1: Episode 3","6/10/24"
"Black Butler: Black Butler -Public School Arc-: His Butler, at School","6/9/24"
"Bungo Stray Dogs: Bungo Stray Dogs 2: If I May Shed Away My Burden Now","6/9/24"
"Bungo Stray Dogs: Bungo Stray Dogs 2: Rashōmon, the Tiger and the Last Emperor","6/9/24"
"Bungo Stray Dogs: Bungo Stray Dogs 2: Part 1: Poe and Rampo / Part 2: Moby Dick, Swimming in the Sky","6/9/24"
"Bungo Stray Dogs: Bungo Stray Dogs 2: Double Black","6/9/24"
"Bungo Stray Dogs: Bungo Stray Dogs 2: Though the Mind May Be Wrong","6/9/24"
"Bungo Stray Dogs: Bungo Stray Dogs 2: Will of Tycoon","6/9/24"
"Bungo Stray Dogs: Bungo Stray Dogs 2: The Strategy of Conflict","6/9/24"
"Bungo Stray Dogs: Bungo Stray Dogs 2: Three Companies Conflict","6/9/24"
"Bungo Stray Dogs: Bungo Stray Dogs 2: Bungo Stray Dogs","6/8/24"
"Bungo Stray Dogs: Bungo Stray Dogs 2: A Room Where We Can Someday See the Ocean","6/8/24"
"Bungo Stray Dogs: Bungo Stray Dogs 2: Nowhere to Return","6/8/24"
"Bungo Stray Dogs: Bungo Stray Dogs 2: The Dark Age","6/8/24"
"Bungo Stray Dogs: Borne Back Ceaselessly into the Past","6/8/24"
"Kung Fu Panda: The Dragon Knight: Season 1: Slow Boat to England","6/7/24"
"Kung Fu Panda: The Dragon Knight: Season 1: A Thread in the Dark","6/7/24"
"Kung Fu Panda: The Dragon Knight: Season 1: The Last Guardian","6/7/24"
"Godzilla","6/7/24"
"MF Ghost: Season 1: Challenger From England","6/6/24"
"Underwater","6/5/24"
"Top Gun: Maverick","6/5/24"
"Sasaki and Miyano: First Time","6/4/24"
"My Love Story with Yamada-kun at Lv999: There’s Something I Want To Talk To You About","5/30/24"
"Sonic the Hedgehog 2","5/28/24"
"Jujutsu Kaisen: Season 2: Right and Wrong, Part 3","5/21/24"
"More Than a Married Couple, But not Lovers: More Than a Married Couple, But Not Lovers.: Living in the Same Place, but Not Living Together","5/15/24"
"Demon Slayer: Kimetsu no Yaiba: Swordsmith Village Arc: Aren't You Going to Become a Hashira?","5/15/24"
"The Loud House: Season 2: The Crying Dame/Anti Social","5/13/24"
"The Loud House: Season 2: Tricked!","5/13/24"
"The Loud House: Season 2: Read Aloud/Not a Loud","5/13/24"
"The Loud House: Season 2: Legends/Mall of Duty","5/13/24"
"Fire Force: Season 1: The Rookie Fire Soldier Games","5/12/24"
"Gran Turismo: Based on a True Story","5/12/24"
"Fire Force: Season 1: The Heart of a Fire Soldier","5/11/24"
"Fire Force: Season 1: Shinra Kusakabe Enlists","5/11/24"
"Masamune-kun's Revenge: Masamune-kun’s Revenge: The Boy Who Was Called Pig's Foot","5/4/24"
"We Lost Our Human","5/3/24"
"I Was Reincarnated as the 7th Prince so I Can Take My Time Perfecting My Magical Ability: The Demon is Furious","5/3/24"
"Fruits Basket: Fruits Basket The Final: I Just Love Her","5/3/24"
"Fruits Basket: Fruits Basket The Final: What's Your Name?","5/3/24"
"Fruits Basket: Fruits Basket The Final: I Hope It Snows Soon","5/3/24"
"The Masterful Cat Is Depressed Again Today: Scene.02","5/2/24"
"Fruits Basket: Fruits Basket The Final: That's an Unwavering Truth","5/2/24"
"Fruits Basket: Fruits Basket The Final: I’ll Hold Another Banquet","5/2/24"
"Fruits Basket: 1st season: Summer Will Be Here Soon","5/1/24"
"Fruits Basket: 1st season: Let’s Go Home","4/29/24"
"Fruits Basket: 1st season: You Look Well…","4/29/24"
"The Masterful Cat Is Depressed Again Today: Scene.01","4/28/24"
"BOFURI: I Don't Want to Get Hurt, so I'll Max Out My Defense.: Episode 9","4/28/24"
"Cells at Work!: Cells At Work!: Pneumococcus","4/28/24"
"Fruits Basket: 1st season: Because I Was Happy","4/28/24"
"Fruits Basket: 1st season: I Never Back Down from a Wave Fight","4/28/24"
"Fruits Basket: 1st season: I Can’t Believe You Picked It Up","4/28/24"
"Fruits Basket: 1st season: I’m So Sorry!","4/28/24"
"Fruits Basket: 1st season: What’s Important Is...","4/28/24"
"Fruits Basket: 1st season: This Is for Uo-chan!","4/28/24"
"Fruits Basket: 1st season: She Said Don’t Step on Them!","4/28/24"
"Fruits Basket: 1st season: I Wouldn’t Say That","4/28/24"
"Fruits Basket: 1st season: That's a Secret","4/27/24"
"Fruits Basket: 1st season: How Have You Been, My Brother?","4/27/24"
"Fruits Basket: 1st season: You Look Like You’re Having Fun","4/27/24"
"Anger Management","4/27/24"
"The First Purge","4/27/24"
"Thanksgiving","4/27/24"
"Escape Room","4/27/24"
"A Sign of Affection: Yuki's World","4/27/24"
"From Me to You: Kimi ni Todoke: First-Time Feelings","4/24/24"
"maboroshi","4/24/24"
"Triviaverse","4/24/24"
"Your Name","4/24/24"
"Sonic Prime: Season 1: Shattered","4/24/24"
"Fruits Basket: 1st season: This Is a Wonderful Inn","4/24/24"
"Fruits Basket: 1st season: It’s Valentine’s, After All","4/24/24"
"Fruits Basket: 1st season: Yuki Was My First Love","4/24/24"
"From Me to You: Kimi ni Todoke: Dream","4/23/24"
"I Was Reincarnated as the 7th Prince so I Can Take My Time Perfecting My Magical Ability: Going Out on a Monster Hunt","4/23/24"
"TSUKIMICHI -Moonlit Fantasy-: Failed...Hero","4/23/24"
"Blue Lock: BLUE LOCK: The Time Has Come","4/21/24"
"Blue Lock: BLUE LOCK: TOP3","4/21/24"
"A Condition Called Love: Scene.01","4/21/24"
"I Was Reincarnated as the 7th Prince so I Can Take My Time Perfecting My Magical Ability: Reincarnated as The Seventh Prince","4/21/24"
"I Was Reincarnated as the 7th Prince so I Can Take My Time Perfecting My Magical Ability: Qi-Technique and Enchantment","4/21/24"
"I Was Reincarnated as the 7th Prince so I Can Take My Time Perfecting My Magical Ability: I Met an Adventurer","4/21/24"
"A Condition Called Love: Scene.03","4/21/24"
"A Condition Called Love: Scene.02","4/21/24"
"My Love Story with Yamada-kun at Lv999: In the Morning When I Wake Up","4/20/24"
"My Love Story with Yamada-kun at Lv999: I Like You","4/20/24"
"Blue Lock: BLUE LOCK: The Second Selection","4/20/24"
"Tomo-chan Is a Girl!: Tomo's Skirt / The School Idol","4/17/24"
"Tomo-chan Is a Girl!: I Want to Be Seen as a Girl! / A Terrifying Challenge","4/17/24"
"Blue Lock: BLUE LOCK: The Final Piece","4/17/24"
"Blue Lock: BLUE LOCK: Just the Way It Is","4/17/24"
"Blue Lock: BLUE LOCK: Awakening","4/17/24"
"Blue Lock: BLUE LOCK: Luck","4/11/24"
"Blue Lock: BLUE LOCK: Voice","4/11/24"
"Blue Lock: BLUE LOCK: I'm Not There","4/11/24"
"Blue Lock: BLUE LOCK: Super Link-Up Play","4/11/24"
"Blue Lock: BLUE LOCK: Dancing Boy","4/11/24"
"Blue Lock: BLUE LOCK: The Stage for the Lead","4/11/24"
"Blue Lock: BLUE LOCK: Donkey","4/11/24"
"Blue Lock: BLUE LOCK: Tri-Fusion","4/11/24"
"Blue Lock: BLUE LOCK: Devour","4/10/24"
"Blue Lock: BLUE LOCK: The Geniuses and the Average Joes","4/10/24"
"The Thundermans: Season 2: A Hero Is Born Pt. II","4/9/24"
"The Thundermans: Season 2: A Hero Is Born Pt. I","4/9/24"
"The Thundermans: Season 2: The Girl with the Dragon Snafu","4/9/24"
"The Thundermans: Season 2: One Hit Thunder","4/9/24"
"The Thundermans: Season 2: Call of Lunch Duty","4/9/24"
"Kong: King of the Apes: Season 1: Poacher's Prize","4/9/24"
"Kong: King of the Apes: Season 1: Kong in 3D","4/9/24"
"Kong: King of the Apes: Season 1: Snake in the Grass","4/9/24"
"Kong: King of the Apes: Season 1: The Adventure Begins","4/9/24"
"The Thundermans: Season 2: Cape Fear","4/8/24"
"The Thundermans: Season 2: It’s Not What You Link","4/8/24"
"The Thundermans: Season 2: Mall Time Crooks","4/8/24"
"The Thundermans: Season 2: The Amazing Rat Race","4/8/24"
"The Thundermans: Season 2: Who’s Your Mommy?","4/8/24"
"The Thundermans: Season 2: Doubles Trouble","4/8/24"
"The Thundermans: Season 2: You’ve Got Fail","4/8/24"
"The Thundermans: Season 2: The Neverfriending Story","4/8/24"
"The Bad Guys: A Very Bad Holiday","4/8/24"
"LEGO® Ninjago Dragons Rising: Season 2: The Blood Moon","4/4/24"
"Total Drama: Total Drama Island: The Sucky Outdoors","4/3/24"
"Total Drama: Total Drama Island: Not Quite Famous","4/3/24"
"Total Drama: Total Drama Island: DodgeBrawl","4/3/24"
"Total Drama: Total Drama Island: The Big Sleep","4/3/24"
"Demon Slayer: Kimetsu no Yaiba: Swordsmith Village Arc: Bright Red Sword","4/3/24"
"Demon Slayer: Kimetsu no Yaiba: Swordsmith Village Arc: Thank You, Tokito","4/2/24"
"Demon Slayer: Kimetsu no Yaiba: Swordsmith Village Arc: A Sword from Over 300 Years Ago","4/2/24"
"Demon Slayer: Kimetsu no Yaiba: Swordsmith Village Arc: Yoriichi Type Zero","4/2/24"
"Demon Slayer: Kimetsu no Yaiba: Swordsmith Village Arc: Someone's Dream","4/2/24"
"Demon Slayer: Kimetsu no Yaiba:  : Episode 9","4/2/24"
"Demon Slayer: Kimetsu no Yaiba:  : Episode 8","4/2/24"
"Demon Slayer: Kimetsu no Yaiba:  : Episode 7","4/2/24"
"Demon Slayer: Kimetsu no Yaiba:  : Episode 6","4/2/24"
"Birds of Prey (And the Fantabulous Emancipation of One Harley Quinn)","4/2/24"
"Midway","4/2/24"
"No Pressure","4/2/24"
"THE MAGIC PRANK SHOW with Justin Willman: Ride or Die","4/2/24"
"THE MAGIC PRANK SHOW with Justin Willman: Heads Will Roll","4/2/24"
"Campfire Cooking in Another World with My Absurd Skill: My Absurd Skill is Unexpectedly Useful","4/1/24"
"Rurouni Kenshin: Yahiko's Battle","4/1/24"
"Rurouni Kenshin: Battle's End","4/1/24"
"Teasing Master Takagi-san: Episode 2","3/31/24"
"Teasing Master Takagi-san: Episode 1","3/31/24"
"Teasing Master Takagi-san: Season 2: Episode 1","3/31/24"
"Bad Dinosaurs: The Great Egg-scape / Stegosaur-Rush / The Irritation Game","3/31/24"
"Bad Dinosaurs: Diamonds Aren't Forever / Cheeky Boys / Hunger Games","3/31/24"
"Bad Dinosaurs: The Sliming / Sound Bite / Failure to Lunch","3/31/24"
"Bad Dinosaurs: Tricera-Cops / Water Palaver / Creature's Pet","3/31/24"
"Bad Dinosaurs: Point Beak / Food Fight / Simply the Nest","3/31/24"
"LEGO® Ninjago Dragons Rising: Season 1: The Merge: Part 1","3/31/24"
"Girl from Nowhere: Season 1: The Ugly Truth","3/27/24"
"Judge Dee's Mystery: Episode 1","3/27/24"
"Dune","3/27/24"
"3%: Season 1: Chapter 01: Cubes","3/27/24"
"Demon Slayer: Kimetsu no Yaiba:  : Episode 5","3/26/24"
"Ron Kamonohashi's Forbidden Deductions: 1st Season: Episode 1","3/26/24"
"That Time I Got Reincarnated as a Slime: Season 1: The Storm Dragon, Veldora","3/26/24"
"Demon Slayer: Kimetsu no Yaiba:  : Episode 4","3/26/24"
"Demon Slayer: Kimetsu no Yaiba:  : Episode 3","3/26/24"
"Demon Slayer: Kimetsu no Yaiba:  : Episode 2","3/26/24"
"BEASTARS: Season 1: The Moon and the Beast","3/26/24"
"BNA: Anima-City","3/26/24"
"Penguins of Madagascar: The Movie","3/26/24"
"IO","3/26/24"
"BNA: A Beastly Feast","3/25/24"
"BNA: Rabid Wolf","3/25/24"
"BNA: Human Scapegoat","3/25/24"
"BNA: The Mole Rat Speaks","3/25/24"
"Fighter","3/25/24"
"3 Body Problem: Season 1: Countdown","3/25/24"
"BNA: Easy Albatross","3/24/24"
"The Ice Guy and His Cool Female Colleague: A Day-Off Date and a Shared Game","3/24/24"
"The Ice Guy and His Cool Female Colleague: A First Meal and a Secret Photo","3/24/24"
"Pokémon Concierge: Welcome to the Pokémon Resort!","3/23/24"
"Heaven Official's Blessing: Episode 1","3/23/24"
"The Ice Guy and His Cool Female Colleague: The Okinawan Sea and Melting Feelings","3/23/24"
"The Ice Guy and His Cool Female Colleague: Cherry Blossom Meeting and a Coming Blizzard","3/23/24"
"The Daily Life of the Immortal King: Episode 3","3/23/24"
"The Daily Life of the Immortal King: Episode 2","3/22/24"
"The Daily Life of the Immortal King: Episode 1","3/22/24"
"BOFURI: I Don't Want to Get Hurt, so I'll Max Out My Defense.: Episode 8","3/22/24"
"Molang: Season 2: Chickenpox","3/22/24"
"Molang: Season 2: The Present","3/22/24"
"Molang: Season 4: Excalibur","3/22/24"
"Molang: Season 4: Knights and Dragons","3/22/24"
"Molang: Season 4: The Hot Air Balloon","3/22/24"
"Skeleton Knight in Another World: Episode 1: The Wandering Traveller is on a Journey to Make The World Better","3/20/24"
"Delicious in Dungeon: Episode 1: Hot Pot/Tart","3/20/24"
"By the Grace of the Gods: Episode 2","3/20/24"
"By the Grace of the Gods: Episode 1","3/20/24"
"The Greatest Demon Lord Is Reborn as a Typical Nobody: A Typical Nobody","3/20/24"
"I'm Quitting Heroing: I’m Quitting Heroing: My Next Interview's at the Demon Queen's Palace!","3/20/24"
"The Misfit of Demon King Academy: Season 1: The Misfit of Demon King Academy","3/20/24"
"Angry Birds: Summer Madness: Season 2: The Un-Chuckening","3/18/24"
"Angry Birds: Summer Madness: Season 2: Chuck-In-A-Box","3/18/24"
"Angry Birds: Summer Madness: Season 2: A Knight's Tailfeathers","3/18/24"
"Angry Birds: Summer Madness: Season 2: Be Careful What You Fish For","3/18/24"
"Angry Birds: Summer Madness: Season 1: Fowl Weather!","3/18/24"
"Angry Birds: Summer Madness: Season 1: Stopped Short","3/18/24"
"Angry Birds: Summer Madness: Season 1: A-Haw-Haw","3/18/24"
"Angry Birds: Summer Madness: Season 1: The Golden Pineapple","3/18/24"
"Angry Birds: Summer Madness: Season 1: Misadventures in Hatchling-sitting","3/18/24"
"Shaun the Sheep: Season 5: Cone of Shame/Timmy and the Dragon","3/18/24"
"Didi & Friends The Movie","3/18/24"
"PUIPUI MOLCAR: Episode 10/11/12","3/17/24"
"PUIPUI MOLCAR: Episode 7/8/9","3/17/24"
"PUIPUI MOLCAR: Episode 4/5/ 6","3/17/24"
"PUIPUI MOLCAR: Episode 1/2/3","3/17/24"
"PUIPUI MOLCAR: PUIPUI MOLCAR Driving School: Episode 10/11/12","3/17/24"
"PUIPUI MOLCAR: PUIPUI MOLCAR Driving School: Episode 7/8/9","3/17/24"
"PUIPUI MOLCAR: PUIPUI MOLCAR Driving School: Episode 4/5/6","3/17/24"
"PUIPUI MOLCAR: PUIPUI MOLCAR Driving School: Episode 1/2/3","3/17/24"
"BOFURI: I Don't Want to Get Hurt, so I'll Max Out My Defense.: Season 2: Defense Specialization and Base Building.","3/17/24"
"BOFURI: I Don't Want to Get Hurt, so I'll Max Out My Defense.: Season 2: Defense Specialization and the Eighth Event.","3/17/24"
"BOFURI: I Don't Want to Get Hurt, so I'll Max Out My Defense.: Season 2: Defense Specialization and Looking For Gem","3/17/24"
"BOFURI: I Don't Want to Get Hurt, so I'll Max Out My Defense.: Season 2: Defense Specialization and Tamed Monsters","3/17/24"
"BOFURI: I Don't Want to Get Hurt, so I'll Max Out My Defense.: Season 2: Defense Specialization and Tentacles","3/16/24"
"BOFURI: I Don't Want to Get Hurt, so I'll Max Out My Defense.: Season 2: Defense Specialization and Tower Conquest","3/16/24"
"BOFURI: I Don't Want to Get Hurt, so I'll Max Out My Defense.: Season 2: Defense Specialization and the Seventh Event.","3/16/24"
"BOFURI: I Don't Want to Get Hurt, so I'll Max Out My Defense.: Season 2: Defense Specialization and Fifth Floor and Sixth Floor","3/16/24"
"BOFURI: I Don't Want to Get Hurt, so I'll Max Out My Defense.: Season 2: Defense Specialization and Christmas","3/15/24"
"BOFURI: I Don't Want to Get Hurt, so I'll Max Out My Defense.: Episode 12","3/15/24"
"Lookism: Change","3/15/24"
"Firedrake the Silver Dragon","3/15/24"
"Waterworld","3/15/24"
"Into the Deep: The Submarine Murder Case","3/15/24"
"Chicken Nugget: Limited Series: Episode 1","3/15/24"
"Romantic Killer: Last Story!?","3/14/24"
"To Kill a Tiger","3/13/24"
"Child of Kamiari Month","3/13/24"
"The Signal: Limited Series: Vanished","3/13/24"
"Rabbids Invasion: Season 4: Captain Mad Vs. the Aliens / Ghost Rabbid / Robber Rabbid","3/12/24"
"In Another World With My Smartphone: Episode 1","3/12/24"
"So I'm a Spider, So What?: Reincarnated in another world?","3/12/24"
"Aggretsuko: Season 3: Deep in the Hole","3/10/24"
"Aggretsuko: Season 3: The Blessings of Life","3/10/24"
"Sword Art Online Alternative: Gun Gale Online: Ⅰ: Applause","3/9/24"
"Sword Art Online Alternative: Gun Gale Online: Ⅰ: Psycho  Ren","3/9/24"
"Sword Art Online Alternative: Gun Gale Online: Ⅰ: The Devil's Comeback","3/9/24"
"Sword Art Online Alternative: Gun Gale Online: Ⅰ: Ten Minute Massacre","3/9/24"
"Sword Art Online Alternative: Gun Gale Online: Ⅰ: Booby Trap","3/9/24"
"Aggretsuko: Season 2: Wonderful Life","3/9/24"
"Aggretsuko: Season 2: She's Dreaming","3/9/24"
"Aggretsuko: Season 2: He Lives Above the Clouds","3/9/24"
"Aggretsuko: Season 2: Growing Affection","3/9/24"
"Aggretsuko: Season 2: Unknown Future","3/8/24"
"Aggretsuko: Season 2: United Front","3/8/24"
"Aggretsuko: Season 2: Unavoidable Impact","3/8/24"
"Aggretsuko: Season 2: Double Moratorium","3/8/24"
"Aggretsuko: Season 2: The New Hire Named Anai","3/8/24"
"Aggretsuko: Season 2: Time to Grow Up","3/8/24"
"Sword Art Online Alternative: Gun Gale Online: Ⅰ: Second Squad Jam","3/8/24"
"Sword Art Online Alternative: Gun Gale Online: Ⅰ: SAO Loser","3/8/24"
"Sword Art Online Alternative: Gun Gale Online: Ⅰ: Leave the Last Battle to Me","3/8/24"
"Sword Art Online Alternative: Gun Gale Online: Ⅰ: Death Game","3/8/24"
"Sword Art Online Alternative: Gun Gale Online: Ⅰ: Fan Letter","3/8/24"
"Sword Art Online Alternative: Gun Gale Online: Ⅰ: GGO","3/8/24"
"Mobile Suit Gundam The Witch From Mercury: Season 1: Prologue","3/7/24"
"Aggretsuko: Season 1: The Dream Ends","3/7/24"
"Aggretsuko: Season 1: A Rosy World","3/7/24"
"Aggretsuko: Season 1: The Out of Pocket Prince","3/7/24"
"Aggretsuko: Season 1: The Duel","3/7/24"
"Aggretsuko: Season 1: Stoking Rebellion","3/7/24"
"Children of the Whales: It Was Our Entire World","3/7/24"
"A.I.C.O.: Contact","3/7/24"
"The Orbital Children: Lunatic Seven","3/7/24"
"Fairies Albums: Episode 1","3/7/24"
"Sword Art Online: Sword Art Online: Alicization: Underworld","3/7/24"
"Junji Ito Maniac: Japanese Tales of the Macabre: The Story of the Mysterious Tunnel Ice Cream Bus","3/7/24"
"Aggretsuko: Season 1: Exposed","3/7/24"
"Aggretsuko: Season 1: Walking Down the Aisle","3/7/24"
"Aggretsuko: Season 1: Short-timer","3/7/24"
"Aggretsuko: Season 1: A Good, Hard-working Girl","3/7/24"
"Aggretsuko: Season 1: A Day in the Life of Retsuko","3/7/24"
"Cinderella Chef: Episode 1","3/7/24"
"God Troubles Me: Episode 1","3/7/24"
"The Angel Next Door Spoils Me Rotten: Dinner with the Angel","3/7/24"
"The Angel Next Door Spoils Me Rotten: Meet the Angel","3/7/24"
"My Spy","3/5/24"
"All The Bright Places","3/4/24"
"The Yakuza's Guide to Babysitting: The Yakuza's Guide to Babysitting","3/3/24"
"Jujutsu Kaisen: Season 2: Right or Wrong, Part 2","3/3/24"
"Jujutsu Kaisen: Season 2: Right or Wrong","3/3/24"
"Cyberpunk: Edgerunners: Let You Down","3/2/24"
"Jujutsu Kaisen: Season 2: Thunderclap, Part 2","3/2/24"
"Jujutsu Kaisen: Season 2: Shibuya Incident","3/2/24"
"Jujutsu Kaisen: Season 2: Hidden Inventory 3","3/2/24"
"Jujutsu Kaisen: Season 2: Hidden Inventory 2","3/2/24"
"Horimiya: page10 Until the Snow Melts","3/1/24"
"The Girl I Like Forgot Her Glasses: I Chose a Pair of Glasses for the Girl I Like","3/1/24"
"Jujutsu Kaisen: Season 1: Assault","3/1/24"
"Jujutsu Kaisen: Season 1: After Rain","2/28/24"
"Avatar The Last Airbender: Season 1: Spirited Away","2/28/24"
"Avatar The Last Airbender: Season 1: Aang","2/28/24"
"Avatar The Last Airbender: Season 1: Into the Dark","2/27/24"
"Avatar The Last Airbender: Season 1: Omashu","2/27/24"
"Avatar The Last Airbender: Season 1: Warriors","2/27/24"
"All Quiet on the Western Front","2/22/24"
"War for the Planet of the Apes","2/22/24"
"Beauty Inside: Limited Series: Episode 1","2/21/24"
"Horimiya: page9 It's Hard, but Not Impossible","2/21/24"
"Horimiya: page8 The Truth Deception Reveals","2/21/24"
"Horimiya: page7 You're Here, I'm Here","2/20/24"
"Horimiya: page6 This Summer's Going to Be a Hot One","2/20/24"
"Horimiya: page5 I Can't Say It Out Loud","2/20/24"
"Horimiya: page4 Everybody Loves Somebody","2/20/24"
"Horimiya: page3 That's Why It's Okay","2/20/24"
"Horimiya: page2 You Wear More Than One Face","2/20/24"
"Horimiya: page1 A Tiny Happenstance","2/20/24"
"From Me to You: Kimi ni Todoke: Chizuru's Love","2/19/24"
"From Me to You: Kimi ni Todoke: Day Off","2/19/24"
"From Me to You: Kimi ni Todoke: Night Talk","2/19/24"
"From Me to You: Kimi ni Todoke: Rival","2/19/24"
"From Me to You: Kimi ni Todoke: Kurumi","2/19/24"
"From Me to You: Kimi ni Todoke: Love","2/19/24"
"From Me to You: Kimi ni Todoke: Romantic Feelings","2/19/24"
"From Me to You: Kimi ni Todoke: Working Together","2/19/24"
"From Me to You: Kimi ni Todoke: New Friend","2/19/24"
"From Me to You: Kimi ni Todoke: Voluntary Training","2/19/24"
"From Me to You: Kimi ni Todoke: Saturday Night","2/19/24"
"From Me to You: Kimi ni Todoke: Friends","2/19/24"
"From Me to You: Kimi ni Todoke: Determination","2/19/24"
"From Me to You: Kimi ni Todoke: Rumors","2/19/24"
"【OSHI NO KO】: Season 1: Third Option","2/19/24"
"Skip and Loafer: Tingly and Chompy","2/19/24"
"Skip and Loafer: Fluffy and Sparkly","2/19/24"
"Skip and Loafer: Shifty and Shaky","2/18/24"
"Kung Fu Panda 3","2/7/24"
"Black Clover: Black Clover IV: The 5 Spirit Guardians","2/5/24"
"Black Clover: Black Clover III: Release from Misfortune","2/5/24"
"Black Clover: Black Clover II: Whoever's Strongest Wins","2/5/24"
"Black Clover: The Boys' Promise","2/5/24"
"Black Clover: Asta and Yuno","2/5/24"
"Jujutsu Kaisen: Season 1: Boredom","2/5/24"
"Jujutsu Kaisen: Season 1: Curse Womb Must Die -ii-","2/5/24"
"Jujutsu Kaisen: Season 2: Shibuya Incident - Gate, Close","2/3/24"
"Jujutsu Kaisen: Season 2: Metamorphosis, Part 2","2/3/24"
"Jujutsu Kaisen: Season 2: Metamorphosis","2/1/24"
"Jujutsu Kaisen: Season 2: Thunderclap","1/30/24"
"Jujutsu Kaisen: Season 2: Fluctuations, Part 2","1/30/24"
"Jujutsu Kaisen: Season 2: Fluctuations","1/30/24"
"Jujutsu Kaisen: Season 2: Red Scale","1/30/24"
"Mirrors","1/30/24"
"Jujutsu Kaisen: Season 2: Dull Knife","1/29/24"
"Jujutsu Kaisen: Season 2: Séance","1/29/24"
"Jujutsu Kaisen: Season 2: Pandemonium","1/29/24"
"Jujutsu Kaisen: Season 2: Shibuya Incident - Gate, Open","1/28/24"
"Jujutsu Kaisen: Season 2: It's Like That","1/27/24"
"Jujutsu Kaisen: Season 2: Premature Death","1/27/24"
"Jujutsu Kaisen: Season 2: Hidden Inventory 4","1/27/24"
"Jujutsu Kaisen: Season 2: Hidden Inventory 1","1/27/24"
"Jujutsu Kaisen: Season 1: Accomplices","1/27/24"
"Batman v Superman: Dawn of Justice","1/27/24"
"Sixty Minutes","1/27/24"
"Those Who Wish Me Dead","1/26/24"
"How I Became a Superhero","1/26/24"
"Lupin: Part 2: Chapter 7","1/26/24"
"Sonic X: Chaos Control Freaks","1/25/24"
"Sonic Prime: Season 3: From the Top","1/25/24"
"Sonic Prime: Season 3: The Devil Is in the Tails","1/25/24"
"Sonic Prime: Season 3: Home Sick Home","1/25/24"
"Jujutsu Kaisen: Season 1: The Origin Of Blind Obedience - 2 -","1/25/24"
"Jujutsu Kaisen: Season 1: The Origin Of Blind Obedience","1/24/24"
"Jujutsu Kaisen: Season 1: Jujutsu Koshien","1/24/24"
"Final Destination 5","1/24/24"
"Sonic Prime: Season 3: Nine's Lives","1/24/24"
"Sonic Prime: Season 3: No Escape","1/24/24"
"Level 1 Demon Lord and One Room Hero: The Demon Lord Returns!","1/24/24"
"Jujutsu Kaisen: Season 1: Nonstandard","1/24/24"
"Jujutsu Kaisen: Season 1: Black Flash","1/24/24"
"Jujutsu Kaisen: Season 1: Sage","1/23/24"
"Jujutsu Kaisen: Season 1: Kyoto Sister School Exchange Event - Group Battle 3 -","1/23/24"
"Sonic Prime: Season 3: Dome Sweet Dome","1/22/24"
"Sonic Prime: Season 3: Grim Tidings","1/22/24"
"Jujutsu Kaisen: Season 1: Kyoto Sister School Exchange Event - Group Battle 2 -","1/22/24"
"Jujutsu Kaisen: Season 1: Kyoto Sister School Exchange Event - Group Battle 1 -","1/22/24"
"Jujutsu Kaisen: Season 1: Kyoto Sister School Exchange Event - Group Battle 0 -","1/22/24"
"Jujutsu Kaisen: Season 1: Tomorrow","1/22/24"
"Jujutsu Kaisen: Season 1: To You, Someday","1/21/24"
"Jujutsu Kaisen: Season 1: Narrow-minded","1/21/24"
"Jujutsu Kaisen: Season 1: Idle Transfiguration","1/20/24"
"Jujutsu Kaisen: Season 1: Small Fry And Reverse Retribution","1/20/24"
"The Wolf and the Lion","1/19/24"
"Behind Your Touch: Limited Series: Episode 1","1/17/24"
"Total Drama: Total Drama Island: The Not So Great Outdoors: Part 2","1/16/24"
"Blue Exorcist: The Garden of Amahara","1/16/24"
"Trigun Stampede: Noman's Land","1/16/24"
"Scott Pilgrim Takes Off: Scott Pilgrim's Precious Little Life","1/16/24"
"Society of the Snow","1/16/24"
"Batman Begins","1/16/24"
"Start-Up: Scale Up","1/15/24"
"Start-Up: MVP (Minimum Viable Product)","1/15/24"
"Start-Up: Elevator Speech","1/15/24"
"Rurouni Kenshin: Kenshin - Himura Battosai","1/13/24"
"Jujutsu Kaisen: Season 2: Evening Festival","1/13/24"
"Rurouni Kenshin: Okashira - Aoshi Shinomori","1/13/24"
"Rurouni Kenshin: Savage Han'nya - Honorable Shikijo","1/13/24"
"Rurouni Kenshin: A Reason to Act","1/13/24"
"Man On The Run","1/13/24"
"Curon: The Black Lake","1/13/24"
"Start-Up: Comfort Zone","1/12/24"
"Rurouni Kenshin: The Oniwabanshu Strike","1/12/24"
"Rurouni Kenshin: Beauty on the Run","1/12/24"
"Rurouni Kenshin: The Two Hitokiri","1/11/24"
"Rurouni Kenshin: Kurogasa","1/11/24"
"Grizzy and the Lemmings: Season 3: Tournez Lemmings","1/10/24"
"Grizzy and the Lemmings: Season 3: La constellation du Lemming","1/10/24"
"Grizzy and the Lemmings: Season 3: Œuf de substitution","1/10/24"
"Grizzy and the Lemmings: Season 3: Lemmings thermiques","1/10/24"
"Grizzy and the Lemmings: Season 3: Déglaciation sauvage","1/10/24"
"Grizzy and the Lemmings: Season 3: Domino Extrême","1/10/24"
"Grizzy and the Lemmings: Season 3: Attraction de Lemmings","1/10/24"
"Grizzy and the Lemmings: Season 3: Surcharge parentale","1/10/24"
"Grizzy and the Lemmings: Season 3: Cabane Hors Bord","1/10/24"
"Grizzy and the Lemmings: Season 3: Épreuve de confort","1/10/24"
"Grizzy and the Lemmings: Season 3: Crabe à tout faire","1/10/24"
"Grizzy and the Lemmings: Season 3: Esprits de compétition","1/10/24"
"Grizzy and the Lemmings: Season 3: Ours antisismique","1/10/24"
"Grizzy and the Lemmings: Season 3: Ours en eaux troubles","1/10/24"
"Grizzy and the Lemmings: Season 3: Coaching pas pacifique","1/10/24"
"Grizzy and the Lemmings: Season 3: Lemmings Des Sables","1/10/24"
"Grizzy and the Lemmings: Season 3: Virée En Mer","1/10/24"
"Grizzy and the Lemmings: Season 3: Piratage à tartiner","1/10/24"
"Rurouni Kenshin: And Then, Another","1/10/24"
"Rurouni Kenshin: The Fight for Hire - Sanosuke Sagara","1/10/24"
"Rurouni Kenshin: Kasshin-ryu - Reborn","1/10/24"
"Rurouni Kenshin: Tokyo Samurai - Yahiko Myojin","1/10/24"
"Total Drama: Total Drama Island: The Not So Great Outdoors: Part 1","1/10/24"
"The Abandoned","1/10/24"
"Grizzy and the Lemmings: Season 3: Pêche ascensionnelle","1/10/24"
"Grizzy and the Lemmings: Season 3: Cocochoco","1/10/24"
"Grizzy and the Lemmings: Season 3: Plongée sauvage","1/10/24"
"Grizzy and the Lemmings: Season 3: Cabane d'Artifice","1/10/24"
"Grizzy and the Lemmings: Season 3: Tai chi lemmings","1/10/24"
"Pokémon Concierge: I Hope I Can Evolve Too…","1/7/24"
"Pokémon Concierge: What’s on Your Mind, Psyduck?","1/7/24"
"Pokémon Concierge: I’m Haru, the New Concierge!","1/7/24"
"Chicken Run: Dawn of the Nugget","1/7/24"
"Molang: Season 2: The Golf","1/6/24"
"Molang: Season 2: The Ghost Train","1/6/24"
"Molang: Season 2: The Shooting Stars","1/6/24"
"Molang: Season 2: The Fanfare","1/6/24"
"Molang: Season 2: Holiday Home","1/6/24"
"Molang: Season 2: The Climbing Rope","1/6/24"
"Molang: Season 2: A Gust of Wind","1/6/24"
"Molang: Season 2: Unlucky","1/6/24"
"Miss Shampoo","12/29/23"
"Shaun the Sheep: Season 5: Dangerous Delivery/Dodgy Lodger","12/27/23"
"Shaun the Sheep: Season 5: Return to Sender/Bitzers new Whistle","12/27/23"
"Shaun the Sheep: Season 5: Happy Farmers Day/Checklist","12/27/23"
"Shaun the Sheep: Season 5: Baad Hair/Farmers Nephew","12/27/23"
"Shaun the Sheep: Season 5: Wanted/Keeping the Peace","12/27/23"
"Shaun the Sheep: Season 5: Turf Wars/Rude Dude","12/27/23"
"Shaun the Sheep: Season 5: Karma Farmer/Spoil Sport","12/27/23"
"Shaun the Sheep: Season 5: Out of Order/Prickly Prob","12/27/23"
"Shaun the Sheep: Season 5: Baby Sitter Bitzer/Sheep Farmer","12/27/23"
"Adventure Time: Season 2: The Chamber of Frozen Blades / The Other Tarts","12/21/23"
"Adventure Time: Season 2: Her Parents / To Cut A Woman's Hair","12/21/23"
"Adventure Time: Season 2: Power Animal / Crystals Have Power","12/21/23"
"Adventure Time: Season 2: Storytelling / Slow Love","12/21/23"
"Adventure Time: Season 2: It Came from the Nightosphere / The Eyes","12/21/23"
"Adventure Time: Season 2: Loyalty to the King / Blood Under the Skin","12/21/23"
"Adventure Time: The Gut Grinder / Finn Meets His Hero","12/21/23"
"Adventure Time: What Have You Done? / Rainy Day Daydream","12/21/23"
"Adventure Time: Henchman / Dungeon","12/21/23"
"Gigantosaurus: Season 2: Termy, Come Home!","12/21/23"
"My Little Pony: Friendship Is Magic: Season 1: Stare Master","12/20/23"
"My Little Pony: Friendship Is Magic: Season 1: Sonic Rainboom","12/20/23"
"My Little Pony: Friendship Is Magic: Season 1: Feeling Pinkie Keen","12/20/23"
"The Little Rascals Save the Day","12/19/23"
"Start-Up: Acqhire","12/19/23"
"ALVINNN!!! And the Chipmunks: Season 4: The Toy / Bloodline","12/19/23"
"Molang: Season 2: The Food-Truck","12/19/23"
"Molang: Season 2: Cupcake","12/19/23"
"Molang: Season 2: At the Circus","12/19/23"
"Molang: Season 2: The Rodeo","12/19/23"
"Molang: Season 2: The Jungle","12/19/23"
"Molang: Season 2: Safari","12/19/23"
"Molang: Season 2: The Piano","12/19/23"
"Molang: Season 2: The Sled","12/19/23"
"Molang: Season 2: Ting Tong","12/19/23"
"Molang: Season 2: The Highland Games","12/19/23"
"Molang: Season 2: The Aquarium","12/19/23"
"Molang: Season 2: MC Molang","12/19/23"
"Molang: Season 2: The Competition","12/19/23"
"The Tuxedo","12/18/23"
"Start-Up: Exit","12/18/23"
"Chicken Run","12/17/23"
"Making of Chicken Run: Dawn of the Nugget","12/17/23"
"Molang: Season 4: The River","12/17/23"
"Molang: Season 4: The Chariot Race","12/17/23"
"Molang: Season 4: The Saber Tooth Kitten","12/17/23"
"Molang: Season 4: The Garden of Versailles","12/17/23"
"Molang: Season 4: The Cherries","12/17/23"
"A Dog's Way Home","12/17/23"
"The Looney Tunes Show: Members Only","12/16/23"
"The Looney Tunes Show: Best Friends","12/16/23"
"The Adventures of Sharkboy and Lavagirl","12/15/23"
"The Possession of Hannah Grace","12/15/23"
"Suzzanna: Kliwon Friday Night","12/15/23"
"Mr. Car and the Knights Templar","12/13/23"
"The Loud House: Roughin’ It/The Waiting Game","12/13/23"
"The Loud House: Lincoln Loud: Girl Guru/Come Sale Away","12/12/23"
"The Loud House: April Fools Rules/Cereal Offender","12/12/23"
"Carmen Sandiego: Season 1: The Chasing Paper Caper","12/12/23"
"The Loud House: House Music/A Novel Idea","12/11/23"
"The Loud House: Attention Deficit/Out On A Limo","12/11/23"
"The Loud House: Cover Girls/Save the Date","12/11/23"
"The Loud House: Toads and Tiaras/Two Boys and a Baby","12/11/23"
"The Loud House: For Bros About to Rock/It's a Loud, Loud, Loud, Loud House","12/11/23"
"The Loud House: Along Came a Sister/Chore and Peace","12/11/23"
"The Loud House: The Butterfly Effect/The Green House","12/11/23"
"The Loud House: Hand-Me-Downer/Sleuth or Consequences","12/11/23"
"The Loud House: Overnight Success/Ties that Bind","12/11/23"
"The Loud House: Linc or Swim/Changing the Baby","12/11/23"
"Carmen Sandiego: Season 1: The Opera in the Outback Caper","12/11/23"
"Carmen Sandiego: Season 1: The Duke of Vermeer Caper","12/11/23"
"Carmen Sandiego: Season 1: The Fishy Doubloon Caper","12/11/23"
"Carmen Sandiego: Season 1: The Sticky Rice Caper","12/10/23"
"Carmen Sandiego: Season 1: Becoming Carmen Sandiego: Part II","12/10/23"
"Carmen Sandiego: Season 1: Becoming Carmen Sandiego: Part I","12/10/23"
"Start-Up: Demo Day","12/10/23"
"Anacondas: The Hunt for the Blood Orchid","12/10/23"
"Chronicle","12/10/23"
"The Girl I Like Forgot Her Glasses: The Girl I Like Picked Up a Love Letter","12/10/23"
"The Girl I Like Forgot Her Glasses: The Girl I Like Asked Me Out","12/10/23"
"The Loud House: Picture Perfect/Undie Pressure","12/9/23"
"The Girl I Like Forgot Her Glasses: The Girl I Like Forgot Her Glasses","12/9/23"
"Start-Up: Risk","12/9/23"
"Like Mike","12/5/23"
"Glitch Techs: Season 1: Age of Hinobi","12/4/23"
"Hilda: Season 1: Chapter 9: The Ghost","12/4/23"
"Hilda: Season 1: Chapter 2: The Midnight Giant","12/4/23"
"Hilda: Season 1: Chapter 8: The Tide Mice","12/4/23"
"Hilda: Season 1: Chapter 7: The Lost Clan","12/4/23"
"The Loud House: Sound of Silence/Space Invader","12/4/23"
"The Loud House: Project Loud House/In Tents Debate","12/4/23"
"The Loud House: The Sweet Spot/A Tale of Two Tables","12/3/23"
"Hilda: Season 1: Chapter 6: The Nightmare Spirit","12/3/23"
"Hilda: Season 1: Chapter 5: The Troll Rock","12/3/23"
"Start-Up: Backup","12/3/23"
"Start-Up: Burn Rate","12/3/23"
"The Main Event","12/3/23"
"Welcome to Samdal-ri: Limited Series: Tears of the Dragon","12/3/23"
"Kid Cosmic: Season 1: Kid Cosmic and the Rings of Power!","12/3/23"
"The Loud House: Driving Miss Hazy/No Guts, No Glori","12/2/23"
"Hilda: Season 1: Chapter 4: The Sparrow Scouts","12/2/23"
"Hilda: Season 1: Chapter 3: The Bird Parade","12/2/23"
"Hilda: Season 1: Chapter 1: The Hidden People","12/2/23"
"Start-Up: Key Man","12/1/23"
"Start-Up: Hackathon","12/1/23"
"Start-Up: Sandbox","11/30/23"
"Curse of the Totem","11/30/23"
"Forgotten","11/30/23"
"The Admiral: Roaring Currents","11/30/23"
"Steel Rain","11/30/23"
"Steven Universe: Season 4: Tiger Philanthropist","11/30/23"
"Steven Universe: Season 4: Rocknaldo","11/30/23"
"Steven Universe: Season 4: The New Crystal Gems","11/30/23"
"Legend of The Fist : The Return of Chen Zhen","11/29/23"
"Steven Universe: Season 4: That Will Be All","11/28/23"
"Steven Universe: Season 4: The Zoo","11/28/23"
"Steven Universe: Season 4: Gem Heist","11/28/23"
"Steven Universe: Season 4: Adventures in Light Distortion","11/28/23"
"Steven Universe: Season 4: Steven's Dream","11/28/23"
"Steven Universe: Season 4: Three Gems and a Baby","11/28/23"
"Steven Universe: Season 4: Gem Harvest","11/28/23"
"Steven Universe: Season 4: Onion Gang","11/27/23"
"Steven Universe: Season 4: Last One Out of Beach City","11/27/23"
"Steven Universe: Season 4: Future Boy Zoltron","11/27/23"
"Steven Universe: Season 4: Mindful Education","11/27/23"
"Steven Universe: Season 4: Buddy's Book","11/27/23"
"The Loud House: Heavy Meddle/Making the Case","11/27/23"
"The Loud House: Left in the Dark/Get the Message","11/27/23"
"The Loud House: Season 2: No Laughing Matter/No Spoilers","11/27/23"
"The Loud House: Season 2: Yes Man/Friend or Faux","11/26/23"
"The Loud House: Season 2: Future Tense/Lynner Takes All","11/26/23"
"The Loud House: Season 2: Change of Heart/Health Kicked","11/26/23"
"The Loud House: Season 2: ARGGH! You For Real?/Garage Banned","11/26/23"
"The Loud House: Season 2: Fool’s Paradise/Job Insecurity","11/26/23"
"Lost in Space: Season 1: Impact","11/26/23"
"LEGO Ninjago: Season 1 - Secrets of Forbidden Spinjitzu: The Belly of the Beast","11/26/23"
"LEGO Ninjago: Masters of Spinjitzu: Rise of the Serpentine: Rise of the Snakes","11/26/23"
"The Loud House: Season 2: Back Out There/Spell it Out","11/26/23"
"The Loud House: Season 2: Out of the Picture/Room with a Feud","11/26/23"
"The Loud House: Season 2: The Loudest Mission: Relative Chaos","11/26/23"
"The Loud House: Season 2: Potty Mouth/“L” is for Love","11/26/23"
"The Loud House: Season 2: Pulp Friction/Pets Peeved","11/26/23"
"Mech Cadets: Underdogs","11/26/23"
"Steven Universe: Season 4: Know Your Fusion","11/26/23"
"Steven Universe: Season 4: The Kindergarten Kid","11/26/23"
"My Dad the Bounty Hunter: Season 1: Pit Stop","11/25/23"
"My Dad the Bounty Hunter: Season 1: Bucky Quanto's","11/25/23"
"My Dad the Bounty Hunter: Season 1: The Bounty Hunter","11/25/23"
"Chupa","11/24/23"
"Awake","11/24/23"
"F.R.E.D.I.","11/24/23"
"Jurassic World Camp Cretaceous: Season 1: The Cattle Drive","11/23/23"
"The Loud House: Season 2: Fed Up/Shell Shock","11/22/23"
"Squid Game: The Challenge: Season 1: Red Light, Green Light","11/22/23"
"Jawan: Extended Cut","11/21/23"
"Castaway Diva: Limited Series: Inside the Fish Tank vs. Outside the Fish Tank","11/21/23"
"The Killer","11/21/23"
"Fractured","11/20/23"
"The Railway Men - The Untold Story Of Bhopal 1984: Limited Series: Episode 1","11/20/23"
"Monster Hunter","11/19/23"
"LEGO Ninjago: Season 1 - Secrets of Forbidden Spinjitzu: A Rocky Start","11/17/23"
"LEGO Ninjago: Season 1 - Secrets of Forbidden Spinjitzu: Questing for Quests","11/17/23"
"LEGO Ninjago: Season 1 - Secrets of Forbidden Spinjitzu: Wasted True Potential","11/17/23"
"Paw Patrol: The Movie","11/17/23"
"Monster","11/17/23"
"John Wick","11/16/23"
"Shooter","11/16/23"
"Trollhunters: Tales of Arcadia: Part 1: Becoming: Part 1","11/16/23"
"LEGO® Ninjago Dragons Rising: Season 1: The Power Within","11/15/23"
"LEGO® Ninjago Dragons Rising: Season 1: We Are All Dragons","11/15/23"
"Partners for Justice: Season 1: Episode 4","11/15/23"
"LEGO® Ninjago Dragons Rising: Season 1: Absolute Power","11/15/23"
"Power Rangers","11/15/23"
"Partners for Justice: Season 1: Episode 3","11/15/23"
"Partners for Justice: Season 1: Episode 2","11/15/23"
"Unsolved: Tupac & Biggie: Wherever It Leads","11/14/23"
"Unsolved: Tupac & Biggie: Nobody Talks","11/14/23"
"All Day and a Night","11/14/23"
"Cigarette Girl: Lady Cigarette","11/14/23"
"Cigarette Girl: DR","11/14/23"
"Cigarette Girl: Red","11/14/23"
"Cigarette Girl: Rose","11/14/23"
"Cigarette Girl: Jeng Yah","11/14/23"
"A Man Called Otto","11/14/23"
"Partners for Justice: Season 1: Episode 1","11/13/23"
"Partners for Justice: Season 2: Episode 16","11/13/23"
"Partners for Justice: Season 2: Episode 15","11/13/23"
"Partners for Justice: Season 2: Episode 14","11/13/23"
"Partners for Justice: Season 2: Episode 13","11/12/23"
"Partners for Justice: Season 2: Episode 12","11/12/23"
"Partners for Justice: Season 2: Episode 11","11/12/23"
"Partners for Justice: Season 2: Episode 10","11/12/23"
"Partners for Justice: Season 2: Episode 9","11/12/23"
"Partners for Justice: Season 2: Episode 8","11/12/23"
"Partners for Justice: Season 2: Episode 7","11/12/23"
"Partners for Justice: Season 2: Episode 6","11/12/23"
"Partners for Justice: Season 2: Episode 5","11/12/23"
"Partners for Justice: Season 2: Episode 4","11/12/23"
"Partners for Justice: Season 2: Episode 3","11/12/23"
"Partners for Justice: Season 2: Episode 2","11/12/23"
"Partners for Justice: Season 2: Episode 1","11/12/23"
"Partners for Justice: Season 1: Episode 16","11/12/23"
"Partners for Justice: Season 1: Episode 15","11/12/23"
"Partners for Justice: Season 1: Episode 14","11/12/23"
"Partners for Justice: Season 1: Episode 13","11/12/23"
"LEGO® Ninjago Dragons Rising: Season 1: The Administration","11/12/23"
"LEGO® Ninjago Dragons Rising: Season 1: Land of Lost Things","11/12/23"
"Partners for Justice: Season 1: Episode 12","11/12/23"
"Partners for Justice: Season 1: Episode 11","11/12/23"
"Partners for Justice: Season 1: Episode 10","11/11/23"
"Partners for Justice: Season 1: Episode 9","11/11/23"
"Partners for Justice: Season 1: Episode 8","11/11/23"
"Partners for Justice: Season 1: Episode 7","11/11/23"
"Partners for Justice: Season 1: Episode 6","11/11/23"
"Home for Rent","11/11/23"
"LEGO® Ninjago Dragons Rising: Season 1: They Call It Doom","11/11/23"
"LEGO® Ninjago Dragons Rising: Season 1: The Last Djinn","11/11/23"
"LEGO® Ninjago Dragons Rising: Season 1: Wyldly Inappropriate","11/11/23"
"LEGO® Ninjago Dragons Rising: Season 1: Gangs of the Sea","11/11/23"
"LEGO® Ninjago Dragons Rising: Season 1: Crossroads Carnival","11/11/23"
"Desolation","11/10/23"
"Alien Worlds: Atlas","11/10/23"
"The Darkest Hour","11/10/23"
"Ad Astra","11/10/23"
"Jupiter Ascending","11/10/23"
"JUNG_E","11/10/23"
"LEGO Elves: Secrets of Elvendale: Uninvited Guest","11/10/23"
"LEGO® DREAMZzz: Trials of the Dream Chasers: Awakening","11/10/23"
"LEGO City: LEGO City 2017: LEGO City Compilation Special 1","11/10/23"
"GOOD NIGHT WORLD: LOG IN","11/10/23"
"Akuma Kun: Demons","11/10/23"
"LEGO® Ninjago Dragons Rising: Season 1: The Temple of the Dragon Cores","11/10/23"
"LEGO® Ninjago Dragons Rising: Season 1: The Battle of the Second Monastery","11/10/23"
"LEGO® Ninjago Dragons Rising: Season 1: The Calm Inside","11/10/23"
"LEGO® Ninjago Dragons Rising: Season 1: I Will Be the Danger","11/10/23"
"LEGO® Ninjago Dragons Rising: Season 1: Mindless Beasts","11/9/23"
"LEGO® Ninjago Dragons Rising: Season 1: Return to Imperium","11/9/23"
"LEGO® Ninjago Dragons Rising: Season 1: Writers of Destiny","11/9/23"
"LEGO® Ninjago Dragons Rising: Season 1: Beyond Madness","11/9/23"
"LEGO® Ninjago Dragons Rising: Season 1: The Merge: Part 2","11/9/23"
"Top Boy: Season 1: Bruk Up","11/8/23"
"Super Me","11/7/23"
"Summer Vacation","11/7/23"
"Zom 100: Bucket List of the Dead","11/6/23"
"Last Night in Soho","11/6/23"
"Locked In","11/6/23"
"Erin & Aaron: Music for a Sushi Restaurant","11/6/23"
"Erin & Aaron: Piano Man","11/6/23"
"Erin & Aaron: We Are Family","11/6/23"
"BLUE EYE SAMURAI: Hammerscale","11/5/23"
"Chappie","11/4/23"
"Daily Dose of Sunshine: Not in the Mood for Work","11/4/23"
"Initial D","11/4/23"
"Daily Dose of Sunshine: The Darkest Hour Is Just Before the Dawn","11/3/23"
"Adventure Time: The Duke / Donny","11/2/23"
"Adventure Time: Wedding Bells Thaw / Freak City","11/2/23"
"The Loud House: Season 2: Kick the Bucket List/Party Down","11/2/23"
"My Little Pony: Friendship Is Magic: Season 1: Suited for Success","11/1/23"
"My Little Pony: Friendship Is Magic: Season 1: Fall Weather Friends","11/1/23"
"Fear Street Part 2: 1978","11/1/23"
"Scaredy Cats: The Amulet","11/1/23"
"My Little Pony: Friendship Is Magic: Season 1: Call of the Cutie","11/1/23"
"My Little Pony: Friendship Is Magic: Season 1: Winter Wrap Up","11/1/23"
"My Little Pony: Friendship Is Magic: Season 1: Swarm of the Century","11/1/23"
"My Little Pony: Friendship Is Magic: Season 1: Bridle Gossip","11/1/23"
"My Little Pony: Friendship Is Magic: Season 1: Look Before You Sleep","11/1/23"
"Halloween Kills","10/31/23"
"Sister Death","10/31/23"
"Hellbound Village: A sip of spirit","10/31/23"
"Hellbound Village: Ferrytale","10/31/23"
"Hellbound Village: Message from the dead","10/31/23"
"Zaara","10/31/23"
"Adventure Time: What is Life? / Ocean of Fear","10/29/23"
"Adventure Time: City of Thieves / The Witch's Garden","10/29/23"
"Adventure Time: Wizard / Evicted!","10/29/23"
"Adventure Time: My Two Favorite People / Memories of Boom Boom Mountain","10/29/23"
"Adventure Time: Ricardio, the Heart Guy / Business Time","10/29/23"
"Adventure Time: Prisoners of Love / Tree Trunks","10/29/23"
"Adventure Time: The Enchiridion / The Jiggler","10/29/23"
"Ìjọ̀gbọ̀n","10/28/23"
"The Last Kids on Earth: Book 1: The Last Kids on Earth","10/27/23"
"DreamWorks Shrek the Halls","10/27/23"
"Christmas on Mistletoe Farm","10/26/23"
"GODZILLA Planet of the Monsters: Planet of the Monsters","10/26/23"
"Bleach","10/26/23"
"Overhaul","10/26/23"
"Adventure Time: Slumber Party Panic / Trouble in Lumpy Space","10/26/23"
"My Little Pony: Friendship Is Magic: Season 1: Dragonshy","10/26/23"
"My Little Pony: Friendship Is Magic: Season 1: Boast Busters","10/26/23"
"Born in Gaza","10/26/23"
"My Little Pony: Friendship Is Magic: Season 1: Griffon the Brush-off","10/25/23"
"My Little Pony: Friendship Is Magic: Season 1: Applebuck Season","10/25/23"
"My Little Pony: Friendship Is Magic: Season 1: The Ticket Master","10/25/23"
"My Little Pony: Friendship Is Magic: Season 1: Friendship Is Magic: Part 2","10/25/23"
"My Little Pony: Friendship Is Magic: Season 1: Friendship Is Magic: Part 1","10/25/23"
"The Pacific: Part 1","10/19/23"
"Camp Courage","10/19/23"
"A Deadly Invitation","10/19/23"
"The Conference","10/18/23"
"The Devil on Trial","10/18/23"
"The Discovery","10/18/23"
"Once Upon a Star","10/17/23"
"Onimai: I'm Now Your Sister!: Mahiro's Confusing New Body","10/16/23"
"Devotion","10/16/23"
"Animals on the Loose: A You vs. Wild Movie","10/16/23"
"Baby Shark's Big Show!: Fish Friends Forever/Jelly Pox","10/14/23"
"Baby Shark's Big Show!: All I Want For Fishmas","10/14/23"
"Strong Girl Nam-soon: Limited Series: Gangnam, Here I Come","10/12/23"
"Strong Girl Nam-soon: Limited Series: Birth of the Strong Girl","10/12/23"
"Gladiator","10/11/23"
"Transformers: The Last Knight","10/11/23"
"Transformers: Revenge of the Fallen","10/11/23"
"Sing","10/11/23"
"My Little Pony: A New Generation","10/11/23"
"Transformers: Age of Extinction","10/11/23"
"Luther: The Fallen Sun","10/10/23"
"Snakes on a Plane","10/10/23"
"How It Ends","10/10/23"
"Ah Girls Go Army Again","10/10/23"
"Forgotten Love","10/10/23"
"LEGO® Friends The Next Chapter: Season 1: Welcome Zac","10/10/23"
"Total Drama: Total Drama Island: Haute Camp-ture","10/9/23"
"Total Drama: Total Drama Island: Basic Straining","10/7/23"
"Total Drama: Total Drama Island: Who Can You Trust?","10/7/23"
"Total Drama: Total Drama Island: If You Can't Take the Heat...","10/7/23"
"Total Drama: Total Drama Island: Paintball Deer Hunter","10/7/23"
"Once Upon a Crime","10/7/23"
"Nowhere","10/7/23"
"Street Flow","10/6/23"
"Lupin: Part 2: Chapter 6","10/6/23"
"Lupin: Part 1: Chapter 5","10/6/23"
"Lupin: Part 1: Chapter 4","10/6/23"
"Lupin: Part 1: Chapter 3","10/6/23"
"Lupin: Part 1: Chapter 2","10/6/23"
"Lupin: Part 1: Chapter 1","10/6/23"
"Beckham: Limited Series: The Kick","10/5/23"
"Ben 10: And Then There Were 10","10/4/23"
"Ben 10: Washington B.C","10/4/23"
"Mrs. Chatterjee vs Norway","10/2/23"
"Total Drama: Total Drama Island: Up the Creek","10/2/23"
"Total Drama: Total Drama Island: Phobia Factor","10/2/23"
"Triple Frontier","10/1/23"
"Reptile","10/1/23"
"Marry My Dead Body","10/1/23"
"Jurassic World Camp Cretaceous: Season 1: Secrets","10/1/23"
"Jurassic World Camp Cretaceous: Season 1: Camp Cretaceous","10/1/23"
"The Powerpuff Girls: Monkey See, Doggie Do / Mommy Fearest","9/28/23"
"My Golden Life: Limited Series: Episode 3","9/28/23"
"My Golden Life: Limited Series: Episode 2","9/26/23"
"My Golden Life: Limited Series: Episode 1","9/26/23"
"A Time Called You: Limited Series: Episode 1","9/26/23"
"Freaks – You're One of Us","9/26/23"
"Spy Kids: Armageddon","9/26/23"
"Instant Family","9/25/23"
"Miraculous Brothers: Season 1: Episode 1","9/25/23"
"Vampires Suck","9/25/23"
"Total Drama: Action: Celebrity Manhunt's Total Drama Action Reunion Show","9/25/23"
"Blade Runner 2049","9/25/23"
"Passengers","9/25/23"
"Paradise","9/24/23"
"I Am Mother","9/24/23"
"Tainted Soul","9/24/23"
"Snow White: A Tale of Terror","9/24/23"
"Total Drama: Action: The Aftermath: Pt. Four","9/23/23"
"Jaane Jaan","9/23/23"
"Total Drama: Action: Mutiny on the Soundstage","9/23/23"
"Total Drama: Action: Top Dog","9/23/23"
"Total Drama: Action: 2008: A Space Owen","9/23/23"
"Komi Can't Communicate: It's just, I wish I could speak.","9/23/23"
"Are We There Yet?","9/23/23"
"Unstoppable","9/22/23"
"Zombieverse: Season 1: Episode 1","9/22/23"
"Dear Child: Limited Series: Hannah","9/22/23"
"Crawl","9/22/23"
"Total Drama: Action: Crouching Courtney, Hidden Owen","9/22/23"
"Total Drama: Action: Rock `n Rule","9/22/23"
"Total Drama: Action: Get A Clue","9/22/23"
"Class Act: Limited Series: Passport to the Sun","9/22/23"
"Cry Babies Magic Tears: Talented Babies / Wandy Fixes It All / The Hidden Constellation: Part 1 / The Hidden Constellation: Part 2/ Looking for Heart Butterflies / The Magic Wand","9/22/23"
"Ehrengard: The Art of Seduction","9/21/23"
"Ah Girls Go Army","9/21/23"
"Total Drama: Action: The Princess Pride","9/20/23"
"Total Drama: Action: The Aftermath: O-wen or Lose","9/20/23"
"Total Drama: Action: Super Hero-ld","9/20/23"
"Total Drama: Action: Dial M for Merger","9/20/23"
"Total Drama: Action: Million Dollar Babies","9/20/23"
"Total Drama: Action: One Million Bucks B.C","9/20/23"
"Band of Brothers: Currahee","9/20/23"
"Witch at Court: Limited Series: Episode 1","9/20/23"
"Scissor Seven: Season 1: How to get rich","9/20/23"
"Total Drama: Action: Ocean's Eight - Or Nine","9/19/23"
"Total Drama: Action: The Aftermath: For-Gwen and Forget?","9/19/23"
"Total Drama: Action: Full Metal Drama","9/19/23"
"Total Drama: Action: Masters of Disasters","9/19/23"
"Total Drama: Action: The Sand Witch Project","9/19/23"
"Total Drama: Action: One Flu Over The Cuckoos","9/19/23"
"Total Drama: Action: The Chefshank Redemption","9/19/23"
"Jumper","9/19/23"
"Total Drama: Action: The Aftermath: Trent's Descent","9/18/23"
"Burn the House Down: Episode 4","9/18/23"
"Burn the House Down: Episode 3","9/18/23"
"Pacific Rim: Uprising","9/17/23"
"Time Trap","9/17/23"
"Don't Look Up","9/17/23"
"Stowaway","9/17/23"
"Knowing","9/17/23"
"Life","9/17/23"
"Total Drama: Action: 3:10 to Crazytown","9/17/23"
"Total Drama: Action: Beach Blanket Bogus","9/17/23"
"Total Drama: Action: Riot On Set","9/17/23"
"Total Drama: Action: Alien Resurr-eggtion","9/17/23"
"Barbie: A Touch of Magic: Season 1: When Barbie Met Peggy","9/17/23"
"Mr. Deeds","9/17/23"
"Ordinary Men: The Forgotten Holocaust","9/17/23"
"Freestyle","9/17/23"
"10 Cloverfield Lane","9/17/23"
"A Madea Family Funeral","9/16/23"
"Total Drama: Action: Monster Cash!","9/16/23"
"Total Drama: Total Drama Island: Total Drama, Drama, Drama, Drama Island","9/16/23"
"Total Drama: Total Drama Island: The Very Last Episode, Really!","9/16/23"
"Total Drama: Total Drama Island: Triple Dog Dare You","9/16/23"
"Total Drama: Total Drama Island: Are We There, Yeti?!","9/16/23"
"Total Drama: Total Drama Island: Camp Castaways","9/16/23"
"Total Drama: Total Drama Island: Trial by Tri-Armed Triathalon","9/15/23"
"The Impossible","9/15/23"
"Total Drama: Total Drama Island: Wawanakwa Gone Wild!","9/13/23"
"Total Drama: Total Drama Island: Hook, Line and Screamer","9/13/23"
"Total Drama: Total Drama Island: That's Off the Chain!","9/13/23"
"Total Drama: Total Drama Island: Hide and Be Sneaky","9/13/23"
"Total Drama: Total Drama Island: Search and Do Not Destroy","9/13/23"
"Total Drama: Total Drama Island: No Pain, No Game","9/13/23"
"Total Drama: Total Drama Island: Bunch of Disgustingness","9/13/23"
"Total Drama: Total Drama Island: X-Treme Torture","9/12/23"
"Kung Fu Panda: Holiday","9/12/23"
"Battleship","9/11/23"
"Black Knight: Episode 3","9/9/23"
"Old","9/9/23"
"The Italian Job","9/9/23"
"Cargo","9/9/23"
"Sonic Prime: Season 2: Ghost of a Chance","9/7/23"
"Sonic Prime: Season 2: Cracking Down","9/7/23"
"Sonic Prime: Season 2: Double Trouble","9/7/23"
"Sonic Prime: Season 2: A Madness to Their Methods","9/7/23"
"The Great Seduction","9/5/23"
"A Day and a Half","9/5/23"
"Choose Love","9/3/23"
"Molang: Season 4: The Elixir","8/31/23"
"Molang: Season 4: The Pigeon","8/31/23"
"Molang: Season 4: The Berries","8/31/23"
"Molang: Season 4: The Wig","8/31/23"
"Molang: Season 4: The Tourney","8/31/23"
"Molang: Season 4: The New World","8/31/23"
"Molang: Season 4: To The Shelter","8/31/23"
"Molang: Season 3: The Long Trip","8/31/23"
"Molang: Season 3: The Competition","8/31/23"
"Molang: Season 3: The Pullover","8/31/23"
"Molang: Season 3: The Dancers","8/31/23"
"Molang: Season 3: The Birdling","8/31/23"
"Molang: Season 3: The Call of the Forest","8/31/23"
"Molang: Season 3: The Husky","8/31/23"
"Molang: Season 3: The Sorcerer's Apprentices","8/31/23"
"Molang: Season 3: Into the Wild","8/31/23"
"Molang: Season 3: The Sand Statue","8/31/23"
"Molang: Season 3: The Turtle","8/31/23"
"Molang: Season 3: The Flying Carpet","8/31/23"
"Molang: Season 3: The Panda","8/31/23"
"Molang: Season 3: The Storm","8/31/23"
"Molang: Season 3: The Broom","8/31/23"
"Molang: Season 3: The Hobgoblins","8/31/23"
"Molang: Season 3: The Dragon","8/31/23"
"Molang: Season 3: Mini Molang","8/31/23"
"Molang: Season 3: Actor Molang","8/31/23"
"Molang: Season 3: The Condor","8/31/23"
"Molang: Season 3: Watch Out","8/31/23"
"Molang: Season 3: Electro Molang","8/31/23"
"Molang: Season 3: The Frog","8/31/23"
"Molang: Season 3: The Spider","8/31/23"
"Molang: Season 3: The Bodyguards","8/31/23"
"Molang: Season 3: Mega Piu Piu","8/31/23"
"Molang: Season 3: The Cap","8/31/23"
"Molang: Season 3: Skate Supreme","8/31/23"
"Molang: Season 3: The Whale","8/31/23"
"Molang: Season 3: The Haunted House","8/31/23"
"Molang: Season 3: A New Friend","8/31/23"
"Molang: Season 3: The Knight","8/31/23"
"Molang: Season 3: The Space Friends","8/31/23"
"Molang: Season 3: Top Model","8/31/23"
"Molang: Season 3: Shuuuuush!","8/31/23"
"Molang: Season 3: The Alien","8/31/23"
"Molang: Season 3: The Easter Eggs","8/31/23"
"Molang: Season 3: The Ghost","8/31/23"
"Molang: Season 3: The Choir","8/31/23"
"Molang: Season 3: Super Molang","8/31/23"
"Molang: Season 3: The Detectives","8/31/23"
"Molang: Season 3: The Rescue","8/31/23"
"Molang: Season 3: At the Fair","8/31/23"
"Molang: Season 3: The Yeti","8/31/23"
"Molang: Season 3: The Magic Lamp","8/31/23"
"Molang: Season 3: The Mule","8/31/23"
"Molang: Season 3: The Box","8/31/23"
"Molang: Season 3: Santa","8/31/23"
"Molang: Season 3: Firefighters!","8/31/23"
"Molang: Season 3: The Delivery Men","8/31/23"
"Molang: Season 3: The Rock Band","8/31/23"
"Molang: Season 3: The Instructions","8/31/23"
"Molang: Season 2: Flash Mob","8/31/23"
"Molang: Season 2: The Ibex","8/31/23"
"Molang: Season 2: The Brioche","8/31/23"
"Molang: Season 2: Mister Muscles","8/31/23"
"Molang: Season 2: Little Peckish","8/31/23"
"Molang: Season 2: The Supporters","8/31/23"
"Molang: Season 2: The Rallye","8/31/23"
"Molang: Season 2: The Mouse","8/31/23"
"Molang: Season 2: The egg","8/31/23"
"Molang: Season 2: A Bottle at Sea","8/31/23"
"Molang: Season 2: The Vegetable Garden","8/31/23"
"Molang: Season 2: Alone On the Ice Pack","8/31/23"
"Molang: Season 2: The Monster Under the Bed","8/31/23"
"Molang: Season 2: The Jungle Friend","8/31/23"
"Molang: Season 2: The Incredible Animal","8/31/23"
"Molang: Season 2: Ski School","8/31/23"
"Molang: Season 2: The Soccer Match","8/31/23"
"Molang: Season 2: The Casting","8/31/23"
"Molang: Season 2: The Little Monkey","8/31/23"
"Molang: Season 2: The Robinsons","8/31/23"
"Molang: Season 2: The Parrot","8/31/23"
"Molang: Season 2: The Jam Jar","8/31/23"
"King the Land: Limited Series: Episode 16","8/30/23"
"King the Land: Limited Series: Episode 15","8/30/23"
"King the Land: Limited Series: Episode 14","8/30/23"
"Hometown Cha-Cha-Cha: Limited Series: Episode 2","8/30/23"
"The Pope's Exorcist","8/30/23"
"Everest","8/30/23"
"King the Land: Limited Series: Episode 13","8/30/23"
"King the Land: Limited Series: Episode 12","8/29/23"
"Heart of Stone","8/27/23"
"Zom 100: Bucket List of the Dead: Akira of the Dead","8/25/23"
"The Tatami Galaxy: Episode 1","8/25/23"
"Mirai","8/25/23"
"Molang: Season 2: The Acrobats","8/24/23"
"Molang: Season 2: Rainy Day","8/24/23"
"Molang: Season 2: Kung-Fu","8/24/23"
"Molang: Season 2: At the Farm","8/24/23"
"Molang: Season 2: The Boomerang","8/24/23"
"Molang: Season 2: The Salesman","8/24/23"
"RV","8/23/23"
"King the Land: Limited Series: Episode 11","8/21/23"
"Enola Holmes 2","8/20/23"
"takt op.Destiny: Takt -Hope-","8/19/23"
"King the Land: Limited Series: Episode 10","8/18/23"
"King the Land: Limited Series: Episode 9","8/18/23"
"King the Land: Limited Series: Episode 8","8/18/23"
"takt op.Destiny: Preparing for Battle -Orpheus-","8/16/23"
"takt op.Destiny: Master and Pupil -Lenny-","8/16/23"
"takt op.Destiny: Family -Eroica-","8/16/23"
"takt op.Destiny: Destiny -Cosette-","8/16/23"
"takt op.Destiny: Truth -Noise-","8/16/23"
"takt op.Destiny: Sunrise -Rooster-","8/16/23"
"takt op.Destiny: Equitation -Valkyrie-","8/16/23"
"takt op.Destiny: Let the Performance Begin -Showtime-","8/16/23"
"takt op.Destiny: Awakening -Journey-","8/16/23"
"takt op.Destiny: Music -Reincarnation-","8/16/23"
"13 Reasons Why: Season 1: Tape 7, Side A","8/15/23"
"Miraculous: Ladybug & Cat Noir, The Movie","8/13/23"
"Pokémon: Mewtwo Strikes Back - Evolution","8/10/23"
"Larva Family: The Baby / Fart / Magenta","8/10/23"
"The Lincoln Lawyer: Season 1: He Rides Again","8/8/23"
"The Last Mercenary","8/8/23"
"Rise of the Teenage Mutant Ninja Turtles: The Movie","8/8/23"
"Head to Head","8/6/23"
"The Uncanny Counter: Season 2: Counter Punch: Episode 1","8/5/23"
"Take Off","8/2/23"
"Rabbids Invasion: Season 4: Mad Rabbid and Leonardo's Astrolabe / Mad Rabbid on Pretzel Island - Part 1/ Mad Rabbid on Pretzel Island - Part 2","8/2/23"
"Rabbids Invasion: Season 4: The Castaway Rabbid - Part 1 / The Castaway Rabbid - Part 2 / Rabbidrooster and the Lost Chick","8/2/23"
"Rabbids Invasion: Season 4: Circus Rabbid / Fightin' Rabbid / The Three Rabbid-teers","8/2/23"
"Rabbids Invasion: Season 4: Rabbid Getaway / The Attack of the Rabbid Flies / Rabbid 000  Vs. the Son of Dark Rabbid","8/2/23"
"Rabbids Invasion: Season 4: The Rabbid Boat /Rabbid Kitty Business / Rabbidus Gladiatus","8/2/23"
"Rabbids Invasion: Season 4: Garden Rabbid / A Sub Inside the Rabbid / Rabbid Riddle","8/2/23"
"Rabbids Invasion: Season 4: Santa Rabbid Vs. the Christmas Turkey / Cow and Rabbid / Shark Rabbid","8/2/23"
"Rabbids Invasion: Season 4: Rabbids vs the Infernal Kitten/The Rabbid Paradox/The Rabbid from the Future","8/2/23"
"Rabbids Invasion: Season 4: Rabb-Attack / Jungle Rabbid and the Army of the Three Crabs / Commando Rabbid","8/2/23"
"Rabbids Invasion: Season 4: Search for the Rabbid Totem /Rabbid Mutation /Battle for the Rabbid Throne","8/2/23"
"King the Land: Limited Series: Episode 7","8/1/23"
"King the Land: Limited Series: Episode 6","8/1/23"
"Miss & Mrs. Cops","8/1/23"
"The Great Magician","7/30/23"
"The Bros","7/29/23"
"White Noise","7/29/23"
"Republic of South Ah Sh**t","7/29/23"
"Big Nunu's Little Heist","7/29/23"
"Missing: The Lucie Blackman Case","7/29/23"
"They Cloned Tyrone","7/27/23"
"Bird Box Barcelona","7/26/23"
"Larva Island: Season 1: Master Chef","7/26/23"
"Larva Island: Season 1: Lala Island","7/26/23"
"Larva Island: Season 1: Pendant","7/26/23"
"Larva Island: Season 1: Fishing","7/26/23"
"Larva Island: Season 1: Crabsformer","7/26/23"
"Larva Island: Season 1: Clara","7/26/23"
"Larva Island: Season 1: Chuck","7/26/23"
"Larva Island: Season 1: Larva Island","7/26/23"
"Larva Island: Season 1: Mango 2","7/26/23"
"Larva Island: Season 1: Mango","7/26/23"
"Yara","7/24/23"
"The Devil All The Time","7/24/23"
"Deep","7/24/23"
"End of the Road","7/24/23"
"Security","7/24/23"
"The Strays","7/24/23"
"Blasted","7/24/23"
"Office Invasion","7/24/23"
"The Bubble","7/24/23"
"King the Land: Limited Series: Episode 5","7/23/23"
"King the Land: Limited Series: Episode 4","7/23/23"
"Inside Job: Part 1: Unpresidented","7/22/23"
"Blind Detective","7/22/23"
"Rabbids Invasion: Season 4: Rabbid Allergy /Aztec Rabbids / The Rabbid Quest","7/22/23"
"The (Almost) Legends","7/21/23"
"Railroad Tigers","7/21/23"
"Love You as the World Ends: Episode 1","7/21/23"
"King the Land: Limited Series: Episode 3","7/20/23"
"The Ballad of Buster Scruggs","7/20/23"
"Freaks of Nature","7/20/23"
"The Big 4","7/20/23"
"Gold Brick","7/20/23"
"Kung Fu Yoga","7/20/23"
"The Deepest Breath","7/20/23"
"King the Land: Limited Series: Episode 2","7/19/23"
"Unlocked","7/18/23"
"Angry Birds: Summer Madness: Season 3: Pigmas","7/18/23"
"Angry Birds: Summer Madness: Season 3: Hollow-Weenie","7/18/23"
"Angry Birds: Summer Madness: Season 3: Camp Splintarrrwood!","7/18/23"
"Angry Birds: Summer Madness: Season 3: Lights! Camera! Destruction!","7/18/23"
"Angry Birds: Summer Madness: Season 2: Splinter-Camp Games","7/18/23"
"Angry Birds: Summer Madness: Season 2: Crash Course","7/18/23"
"Angry Birds: Summer Madness: Season 2: Pranks a Lot","7/18/23"
"Angry Birds: Summer Madness: Season 2: Prematurely Balding Eagle","7/18/23"
"Angry Birds: Summer Madness: Season 2: The Sabirdteur","7/18/23"
"Angry Birds: Summer Madness: Season 2: Fly Like a Mighty Eagle","7/18/23"
"Angry Birds: Summer Madness: Season 2: Let's Bounce","7/18/23"
"Angry Birds: Summer Madness: Season 2: Pillow Fight Club","7/18/23"
"Angry Birds: Summer Madness: Season 2: Chill Hard","7/18/23"
"Angry Birds: Summer Madness: Season 2: Bomb's the Bomb","7/18/23"
"Angry Birds: Summer Madness: Season 2: Friendship Falls","7/18/23"
"Nimona","7/17/23"
"Sonic Prime: Season 2: No Way Out","7/17/23"
"Sonic Prime: Season 2: Second Wind","7/17/23"
"Sonic Prime: Season 2: Battle in the Boscage","7/17/23"
"Sonic Prime: Season 2: Avoid the Void","7/17/23"
"A Taxi Driver","7/15/23"
"Burn the House Down: Episode 2","7/15/23"
"The Smurfs 2","7/15/23"
"The Chase","7/14/23"
"The Host","7/14/23"
"Tunnel","7/14/23"
"Burn the House Down: Episode 1","7/14/23"
"Fireplace for Your Home: Crackling Yule Log Fireplace","7/14/23"
"Elf","7/13/23"
"Guillermo del Toro's Cabinet of Curiosities: Lot 36","7/13/23"
"Things Heard & Seen","7/13/23"
"Record of Ragnarok: Season 1: Ragnarok","7/12/23"
"Josee, Tiger and the Fish","7/12/23"
"Night School","7/12/23"
"Japan Sinks: 2020: The Beginning of the End","7/12/23"
"Manifest: Season 1: Pilot","7/12/23"
"DELETE: DELETE: LOVE","7/12/23"
"Spider-Man: No Way Home (Extended Version)","7/11/23"
"The Forgotten","7/11/23"
"Flight","7/11/23"
"You Don't Mess with the Zohan","7/11/23"
"This Is the End","7/11/23"
"Murder Mystery","7/11/23"
"Black Knight: Episode 2","7/10/23"
"Black Knight: Episode 1","7/10/23"
"Stardust","7/10/23"
"Boruto: Naruto Next Generations: Academy Entrance: The Hokage's Son!","7/8/23"
"Boruto: Naruto Next Generations: Academy Entrance: Boruto Uzumaki!","7/8/23"
"The Open House","7/7/23"
"In the Tall Grass","7/7/23"
"Come Play","7/6/23"
"Blumhouse's Truth or Dare: Extended Director's Cut","7/6/23"
"Run Rabbit Run","7/6/23"
"Don't Breathe","7/6/23"
"Possessed","7/6/23"
"Shutter","7/6/23"
"Sonic Prime: Season 1: Barking Up the Wrong Tree","7/6/23"
"Sonic Prime: Season 1: Unwelcome to the Jungle","7/6/23"
"Sonic Prime: Season 1: Escape from New Yoke","7/6/23"
"Sonic Prime: Season 1: The Yoke's on You","7/6/23"
"The Flash: Season 1: Things You Can't Outrun","7/6/23"
"Junji Ito Maniac: Japanese Tales of the Macabre: The Strange Hikizuri Siblings","7/5/23"
"The Garfield Show: Pasta Wars / Mother Garfield","7/5/23"
"The Polar Express","7/5/23"
"Enola Holmes","7/4/23"
"【OSHI NO KO】: Season 1: Idol","7/2/23"
"News of the World","6/28/23"
"The Angel","6/27/23"
"Blumhouse's Fantasy Island","6/27/23"
"Start-Up: Angel","6/25/23"
"Start-Up: FAMILY, FRIENDS, FOOLS","6/25/23"
"Missing: The Other Side: Episode 1","6/25/23"
"Start-Up: START-UP","6/24/23"
"Hospital Playlist: Season 1: Episode 1","6/24/23"
"Spenser Confidential","6/24/23"
"Me Time","6/24/23"
"The Trip","6/24/23"
"Aliens in the Attic","6/24/23"
"Jingle Jangle: A Christmas Journey","6/24/23"
"【OSHI NO KO】: Season 1: Pressure","6/24/23"
"The Boss Baby: Family Business","6/24/23"
"The Sound of Your Heart: The Sound of Your Heart / The Way Home","6/23/23"
"The Sound of Magic: Limited Series: Do you... believe in magic?","6/23/23"
"The Sound of Your Heart: Reboot: Season 1: The World Created by Cho Seok; Paper Human","6/23/23"
"Black Mirror: Season 6: Joan Is Awful","6/23/23"
"The Sound of Your Heart: Sunday / On Hiatus","6/23/23"
"The Sound of Your Heart: Twins / Ae-bong in a Cast","6/23/23"
"The Sound of Your Heart: Documentary / Fire in China","6/23/23"
"The Sound of Your Heart: Ae-bong's Birthday Party / Internet Man","6/23/23"
"The Sound of Your Heart: Bucket List / Noisy Neighbors","6/23/23"
"Army of the Dead","6/23/23"
"Take Care of Maya","6/22/23"
"The Sound of Your Heart: Timing / The Dating Game","6/21/23"
"The Sound of Your Heart: Cho Seok's Diary / Doppelganger","6/21/23"
"The Sound of Your Heart: Your 50's / Reconstructed Memory","6/21/23"
"The Sound of Your Heart: I'll Just Stay Here / Reply 2016","6/21/23"
"Assassin's Creed","6/21/23"
"Outside the Wire","6/21/23"
"Hometown Cha-Cha-Cha: Limited Series: Episode 1","6/20/23"
"Demon Slayer: Kimetsu no Yaiba: Swordsmith Village Arc: A Connected Bond: Daybreak and First Light","6/19/23"
"Extraction","6/19/23"
"THE VILLAGE","6/19/23"
"【OSHI NO KO】: Season 1: B Komachi","6/18/23"
"【OSHI NO KO】: Season 1: First Time","6/18/23"
"【OSHI NO KO】: Season 1: Buzz","6/18/23"
"【OSHI NO KO】: Season 1: Egosurfing","6/18/23"
"King the Land: Limited Series: Episode 1","6/18/23"
"The Forever Purge","6/17/23"
"The Loud House: Season 2: Snow Way Out/Snow Way Down","6/17/23"
"Fearless","6/17/23"
"Pihu","6/17/23"
"Happiness: Limited Series: Episode 12","6/17/23"
"Don’t Listen","6/16/23"
"30 Minutes or Less","6/16/23"
"The Forest","6/16/23"
"Prey","6/16/23"
"Last Seen Alive","6/16/23"
"One-Punch Man: Season 1: The Ultimate Mentor","6/15/23"
"One-Punch Man: Season 1: The Modern Ninja","6/15/23"
"One-Punch Man: Season 1: The Obsessive Scientist","6/15/23"
"One-Punch Man: Season 1: The Lone Cyborg","6/15/23"
"One-Punch Man: Season 1: The Strongest Man","6/15/23"
"One-Punch Man: Season 2: Return of the Hero","6/15/23"
"THE DAYS: Limited Series: I Can No Longer Leave Here Alive","6/14/23"
"THE DAYS: Limited Series: Our Company Has Lost Its Mind","6/14/23"
"THE DAYS: Limited Series: It Would Mean Turning Our Backs on Fukushima","6/14/23"
"THE DAYS: Limited Series: Radioactive Emissions Will Be Minimal","6/14/23"
"THE DAYS: Limited Series: No Need to Evacuate","6/14/23"
"Our Planet: One Planet","6/14/23"
"Once a Gangster","6/14/23"
"THE DAYS: Limited Series: The Fukushima Daiichi Nuclear Power Plant is Submerged","6/13/23"
"Where Got Ghost?","6/13/23"
"22 July","6/13/23"
"Demon Slayer: Kimetsu no Yaiba: Swordsmith Village Arc: Love Hashira Mitsuri Kanroji","6/13/23"
"Detective Chinatown 2","6/12/23"
"Detective Chinatown","6/12/23"
"Thunder Force","6/11/23"
"The Loud House: Season 2: No Such Luck/Frog Wild","6/11/23"
"The Loud House: Season 2: Lock ‘N Loud/The Whole Picture","6/11/23"
"The Loud House: Season 2: Patching Things Up/Cheater by the Dozen","6/11/23"
"The Loud House: Season 2: Making the Grade/Vantastic Voyage","6/11/23"
"The Loud House: Season 2: Suite and Sour/Back in Black","6/11/23"
"All Hail King Julien: Exiled: The Strife Aquatic","6/10/23"
"Back to the Outback","6/10/23"
"Finding ‘Ohana","6/10/23"
"Svaha: The Sixth Finger","6/10/23"
"The 8th Night","6/10/23"
"Time to Hunt","6/9/23"
"Mixed by Erry","6/8/23"
"Safe House","6/7/23"
"Agency: Limited Series: Episode 1","6/7/23"
"Mr. Harrigan's Phone","6/7/23"
"Time Hustler: A Frightful King","6/7/23"
"Still Time","6/7/23"
"Mako","6/7/23"
"Deep Blue Sea","6/7/23"
"The Devil's Forest","6/6/23"
"The Chalk Line","6/6/23"
"Doctor Cha: Limited Series: Episode 16","6/6/23"
"Doctor Cha: Limited Series: Episode 15","6/6/23"
"Doctor Cha: Limited Series: Episode 14","6/6/23"
"【OSHI NO KO】: Season 1: Reality Dating Show","6/6/23"
"Demon Slayer: Kimetsu no Yaiba: Swordsmith Village Arc: Mist Hashira Muichiro Tokito","6/6/23"
"Pokémon Journeys: The Series: A Festival Reunion!","6/6/23"
"Doctor Cha: Limited Series: Episode 13","6/5/23"
"【OSHI NO KO】: Season 1: Actors","6/5/23"
"【OSHI NO KO】: Season 1: Manga-Based TV Drama","6/5/23"
"God of Gamblers III: Back to Shanghai","6/5/23"
"Curve","6/4/23"
"Because This Is My First Life: Limited Series: Episode 1","6/4/23"
"Siren: Survive the Island: Limited Series: Tenacity Is My Middle Name","6/4/23"
"Siren: Survive the Island: Limited Series: What I Do Isn't Easy","6/4/23"
"Man Vs Bee: Chapter 1","6/4/23"
"Stepmom","6/4/23"
"Demon Slayer: Kimetsu no Yaiba: Swordsmith Village Arc: The Mu in Muichiro","6/3/23"
"Oh My Baby: Episode 2","6/2/23"
"Oh My Baby: Episode 1","6/2/23"
"Blue Miracle","6/2/23"
"Cleaning Up: Limited Series: Episode 2","6/2/23"
"Cleaning Up: Limited Series: Episode 1","6/2/23"
"Blood and Ties","6/2/23"
"Royal Tramp II","6/2/23"
"Altered Carbon: Season 1: Out of the Past","6/2/23"
"The Queen of Black Magic","6/2/23"
"There's Someone Inside Your House","6/1/23"
"Barbarians: Wolf and Eagle","6/1/23"
"The House","6/1/23"
"Puteri: Beginning I","6/1/23"
"House of Secrets: The Burari Deaths: Limited Series: 11 Bodies","6/1/23"
"Usop Wilcha Meghonjang Makhluk Muzium","6/1/23"
"I See Dead People: Episode 1","6/1/23"
"Get the Goat","5/31/23"
"Blood & Gold","5/31/23"
"Hello, Me!: Episode 16","5/30/23"
"Where the Tracks End","5/30/23"
"Hello, Me!: Episode 15","5/29/23"
"The Decline","5/29/23"
"1899: The Ship","5/29/23"
"Braven","5/29/23"
"14 Peaks: Nothing Is Impossible","5/29/23"
"Land","5/29/23"
"Hello, Me!: Episode 14","5/29/23"
"Tin & Tina","5/29/23"
"Santa Clarita Diet: Season 1: So Then a Bat or a Monkey","5/29/23"
"DreamWorks Kung Fu Panda Awesome Secrets: Secrets of the Masters","5/29/23"
"Hello, Me!: Episode 13","5/28/23"
"Hello, Me!: Episode 12","5/28/23"
"Hello, Me!: Episode 11","5/28/23"
"Taxi Driver: Episode 2","5/28/23"
"Taxi Driver: Episode 1","5/28/23"
"DreamWorks Kung Fu Panda Awesome Secrets: Secrets of the Furious Five","5/28/23"
"DreamWorks Kung Fu Panda Awesome Secrets: Play All Two: Kung Fu Panda Awesome Secrets","5/28/23"
"Hello, Me!: Episode 10","5/27/23"
"Hello, Me!: Episode 9","5/27/23"
"Hello, Me!: Episode 8","5/27/23"
"Kung Fu Panda: Secrets of the Scroll","5/26/23"
"Hello, Me!: Episode 7","5/25/23"
"FUBAR: Season 1: Take Your Daughter to Work Day","5/25/23"
"Hello, Me!: Episode 6","5/24/23"
"Hello, Me!: Episode 5","5/24/23"
"Hello, Me!: Episode 4","5/24/23"
"Hello, Me!: Episode 3","5/24/23"
"Hello, Me!: Episode 2","5/23/23"
"Hello, Me!: Episode 1","5/23/23"
"Jaws","5/23/23"
"Still 17: Limited Series: Episode 1","5/22/23"
"Doctor Cha: Limited Series: Episode 12","5/22/23"
"Ile Owo","5/22/23"
"Lost Girls","5/22/23"
"Demon Slayer: Kimetsu no Yaiba: Swordsmith Village Arc: Awful Villain","5/22/23"
"The School Nurse Files: Episode 2","5/21/23"
"The School Nurse Files: Episode 1","5/21/23"
"XO, Kitty: Season 1: XO","5/21/23"
"Doctor Cha: Limited Series: Episode 11","5/21/23"
"Doctor Cha: Limited Series: Episode 10","5/21/23"
"Tomorrow: Limited Series: Fallen Flower 1","5/20/23"
"Psychokinesis","5/19/23"
"Seventh Son","5/19/23"
"The Nurse: Limited Series: The Night Shift","5/19/23"
"The Nurse: Limited Series: So Take My Heart","5/19/23"
"The Nurse: Limited Series: Dream Team","5/19/23"
"The Nurse: Limited Series: I Will Survive","5/19/23"
"Unlock My Boss: Limited Series: Episode 3","5/18/23"
"Unlock My Boss: Limited Series: Episode 2","5/18/23"
"Unlock My Boss: Limited Series: Episode 1","5/18/23"
"Sniper: Assassin's End","5/18/23"
"Cloudy with a Chance of Meatballs: Who You Calling Garbage?","5/18/23"
"Cadaver","5/18/23"
"The Woman King","5/17/23"
"My Roommate Is a Gumiho: Limited Series: Episode 2","5/17/23"
"Queenmaker: Episode 1","5/17/23"
"Doctor Cha: Limited Series: Episode 1","5/17/23"
"Extraordinary Attorney Woo: The Wedding Dress That Slipped Off","5/17/23"
"The Change-Up","5/17/23"
"One Piece: East Blue: Episode 1","5/17/23"
"Live Up To Your Name: Limited Series: Episode 1","5/16/23"
"Doctor Cha: Limited Series: Episode 9","5/16/23"
"6 Underground","5/16/23"
"Demon Slayer -Kimetsu no Yaiba- The Movie: Mugen Train","5/16/23"
"John Wick: Chapter 2","5/16/23"
"18 Again: Limited Series: Episode 1","5/16/23"
"Sonic Prime: Season 1: There's No ARRGH in Team","5/16/23"
"Sonic Prime: Season 1: It Takes One to No Place","5/15/23"
"Sonic Prime: Season 1: Situation: Grim","5/15/23"
"Doctor Cha: Limited Series: Episode 8","5/15/23"
"Doctor Cha: Limited Series: Episode 7","5/14/23"
"Doctor Cha: Limited Series: Episode 6","5/14/23"
"Thai Cave Rescue: Limited Series: The Parable of Kisa Gotami","5/14/23"
"Air Force The Movie: Danger Close","5/13/23"
"The Unborn Soul","5/12/23"
"Doctor Cha: Limited Series: Episode 5","5/11/23"
"Doctor Cha: Limited Series: Episode 4","5/11/23"
"Ghost Doctor: Limited Series: Episode 2","5/11/23"
"Ghost Doctor: Limited Series: Episode 1","5/11/23"
"Doctor Cha: Limited Series: Episode 3","5/11/23"
"Doctor Cha: Limited Series: Episode 2","5/10/23"
"13 Hours: The Secret Soldiers of Benghazi","5/9/23"
"War","5/9/23"
"Airplane Mode","5/9/23"
"The Battleship Island","5/9/23"
"If Anything Happens I Love You","5/9/23"
"Love Is Blind: S4: Seattle: Welcome to the Pods!","5/9/23"
"Love to Hate You: Bad Girl","5/9/23"
"Transformers","5/8/23"
"My Neighbor Totoro","5/8/23"
"A Whisker Away","5/8/23"
"Junior High and High School!! Kimetsu Academy Story: Valentine Edition Episode 4","5/7/23"
"Junior High and High School!! Kimetsu Academy Story: Valentine Edition Episode 3","5/7/23"
"Junior High and High School!! Kimetsu Academy Story: Valentine Edition Episode 2","5/7/23"
"Junior High and High School!! Kimetsu Academy Story: Valentine Edition Episode 1","5/7/23"
"Junior High and High School!! Kimetsu Academy Story: Special Edition Episode 2","5/7/23"
"Junior High and High School!! Kimetsu Academy Story: Special Edition Episode 1","5/7/23"
"Demon Slayer: Kimetsu no Yaiba:  : Episode 13","5/3/23"
"Demon Slayer: Kimetsu no Yaiba:  : Episode 12","5/2/23"
"Demon Slayer: Kimetsu no Yaiba:  : Episode 11","5/2/23"
"Demon Slayer: Kimetsu no Yaiba:  : Episode 10","5/2/23"
"A Tourist's Guide to Love","4/29/23"
"Big Daddy","4/23/23"
"All Hail King Julien: One More Cup","4/22/23"
"All Hail King Julien: The Really Really Big Lie","4/22/23"
"All Hail King Julien: Viva Mort","4/22/23"
"All Hail King Julien: He Blinded Me With Science","4/22/23"
"All Hail King Julien: Eat Prey Shove","4/22/23"
"All Hail King Julien: Return of the Uncle King","4/22/23"
"All Hail King Julien: Empty Is the Head","4/22/23"
"All Hail King Julien: Enter the Fanaloka","4/22/23"
"All Hail King Julien: Poll Position","4/22/23"
"All Hail King Julien: King Me","4/22/23"
"Guardian: The Lonely and Great God: Limited Series: Episode 1","4/21/23"
"Demon Slayer: Kimetsu no Yaiba: Mugen Train Arc: Deep Slumber","4/19/23"
"Demon Slayer: Kimetsu no Yaiba: Mugen Train Arc: Flame Hashira Kyojuro Rengoku","4/19/23"
"Demon Slayer: Kimetsu no Yaiba:  : Episode 26","4/19/23"
"NANA: #1","4/18/23"
"Demon Slayer: Kimetsu no Yaiba: Entertainment District Arc: No Matter How Many Lives","4/17/23"
"Demon Slayer: Kimetsu no Yaiba: Entertainment District Arc: Never Give Up","4/17/23"
"Demon Slayer: Kimetsu no Yaiba: Entertainment District Arc: Defeating an Upper Rank Demon","4/17/23"
"Demon Slayer: Kimetsu no Yaiba: Entertainment District Arc: Gathering","4/17/23"
"Demon Slayer: Kimetsu no Yaiba: Entertainment District Arc: Transformation","4/17/23"
"Demon Slayer: Kimetsu no Yaiba: Entertainment District Arc: Layered Memories","4/17/23"
"Demon Slayer: Kimetsu no Yaiba: Entertainment District Arc: Things Are Gonna Get Real Flashy!!","4/17/23"
"Madagascar 3: Europe's Most Wanted","4/17/23"
"Prison Playbook: Limited Series: Episode 2","4/16/23"
"Prison Playbook: Limited Series: Episode 1","4/16/23"
"The Flash: Season 1: Fastest Man Alive","4/14/23"
"The Flash: Season 1: Pilot","4/14/23"
"Hunger","4/14/23"
"Superlopez","4/14/23"
"The Loud House: Season 2: Baby Steps/Brawl in the Family","4/10/23"
"The Loud House: Season 2: Intern for the Worse/The Old and the Restless","4/10/23"
"Bad And Crazy: Limited Series: Episode 12","4/7/23"
"Bad And Crazy: Limited Series: Episode 11","4/5/23"
"Bad And Crazy: Limited Series: Episode 10","4/5/23"
"Bad And Crazy: Limited Series: Episode 9","4/5/23"
"Mr. Queen: Limited Series: Episode 20","4/4/23"
"Mr. Queen: Limited Series: Episode 19","4/4/23"
"Mr. Queen: Limited Series: Episode 18","4/4/23"
"Mr. Queen: Limited Series: Episode 17","4/3/23"
"Mr. Queen: Limited Series: Episode 16","3/31/23"
"Mr. Queen: Limited Series: Episode 15","3/31/23"
"Mr. Queen: Limited Series: Episode 14","3/31/23"
"Mr. Queen: Limited Series: Episode 13","3/30/23"
"Mr. Queen: Limited Series: Episode 12","3/30/23"
"Mr. Queen: Limited Series: Episode 11","3/30/23"
"Mr. Queen: Limited Series: Episode 10","3/30/23"
"The Disastrous Life of Saiki K.: Season 2: Episode 3","3/30/23"
"The Disastrous Life of Saiki K.: Season 2: Episode 2","3/30/23"
"The Loud House: Season 2: 11 Louds a Leapin’","3/30/23"
"Mr. Queen: Limited Series: Episode 9","3/29/23"
"Mr. Queen: Limited Series: Episode 8","3/29/23"
"Pets United","3/29/23"
"Bad And Crazy: Limited Series: Episode 8","3/27/23"
"Bad And Crazy: Limited Series: Episode 7","3/27/23"
"The Boss Baby: Get That Baby!","3/27/23"
"Bad And Crazy: Limited Series: Episode 6","3/25/23"
"Bad And Crazy: Limited Series: Episode 5","3/23/23"
"Bad And Crazy: Limited Series: Episode 4","3/20/23"
"Bad And Crazy: Limited Series: Episode 3","3/20/23"
"Shaun the Sheep: The Flight Before Christmas","3/19/23"
"Bad And Crazy: Limited Series: Episode 2","3/19/23"
"Bad And Crazy: Limited Series: Episode 1","3/19/23"
"Mat Kilau","3/18/23"
"Shrek Forever After","3/17/23"
"Vacation","3/16/23"
"Fury","3/16/23"
"Mr. Queen: Limited Series: Episode 7","3/15/23"
"Mr. Queen: Limited Series: Episode 6","3/14/23"
"Mr. Queen: Limited Series: Episode 5","3/14/23"
"Mr. Queen: Limited Series: Episode 4","3/13/23"
"Mr. Queen: Limited Series: Episode 3","3/13/23"
"Mr. Queen: Limited Series: Episode 2","3/13/23"
"My Love, My Bride","3/13/23"
"Fun with Dick & Jane","3/9/23"
"MH370: The Plane That Disappeared: Limited Series: The Intercept","3/9/23"
"MH370: The Plane That Disappeared: Limited Series: The Hijack","3/8/23"
"Ghost Doctor: Limited Series: Episode 16","3/8/23"
"Valley of the Dead","3/8/23"
"Ghost Doctor: Limited Series: Episode 15","3/7/23"
"Ghost Doctor: Limited Series: Epsiode 14","3/7/23"
"Ghost Doctor: Limited Series: Episode 13","3/7/23"
"Ghost Doctor: Limited Series: Episode 12","3/6/23"
"Ghost Doctor: Limited Series: Epsiode 11","3/6/23"
"Ghost Doctor: Limited Series: Episode 10","3/1/23"
"Ghost Doctor: Limited Series: Episode 9","2/28/23"
"Ghost Doctor: Limited Series: Episode 8","2/28/23"
"Ghost Doctor: Limited Series: Episode 7","2/27/23"
"Ghost Doctor: Limited Series: Episode 6","2/25/23"
"Ghost Doctor: Limited Series: Episode 5","2/25/23"
"Wendell & Wild","2/25/23"
"Ghost Doctor: Limited Series: Episode 4","2/24/23"
"The Hitman’s Bodyguard","2/23/23"
"Mr. Queen: Limited Series: Episode 1","2/20/23"
"Lycoris Recoil: Recoil of Lycoris","2/16/23"
"Lycoris Recoil: Nature versus nurture","2/16/23"
"Lycoris Recoil: Diamond cut diamond","2/16/23"
"Poong, the Joseon Psychiatrist: Season 1: 2022-09-06","2/15/23"
"Poong, the Joseon Psychiatrist: Season 1: 2022-09-05","2/15/23"
"Poong, the Joseon Psychiatrist: Season 1: 2022-08-30","2/13/23"
"Poong, the Joseon Psychiatrist: Season 1: 2022-08-29","2/13/23"
"Poong, the Joseon Psychiatrist: Season 1: 2022-08-23","2/10/23"
"Seoul Vibe","2/9/23"
"Viking Wolf","2/9/23"
"Poong, the Joseon Psychiatrist: Season 1: 2022-08-22","2/8/23"
"Café Minamdang: Limited Series: Episode 1","2/8/23"
"Poong, the Joseon Psychiatrist: Season 1: 2022-08-16","2/7/23"
"SWORDGAI The Animation: Part I: Episode 04","2/7/23"
"SWORDGAI The Animation: Part I: Episode 03","2/7/23"
"SWORDGAI The Animation: Part I: Episode 02","2/7/23"
"SWORDGAI The Animation: Part I: Episode 01","2/7/23"
"Poong, the Joseon Psychiatrist: Season 1: 2022-08-15","2/6/23"
"Jirisan: Limited Series: Episode 1","2/1/23"
"Hi Bye, Mama!: Life is Full of Unpredictable Surprises","2/1/23"
"Poong, the Joseon Psychiatrist: Season 1: 2022-08-09","1/31/23"
"The Secret Life of Pets","1/31/23"
"Extraordinary Attorney Woo: Extraordinary Attorney Woo","1/30/23"
"Weightlifting Fairy Kim Bok Joo: Limited Series: Episode 1","1/30/23"
"Daniel Spellbound: Season 1: Dirty Hands","1/30/23"
"Pacific Rim: The Black: Season 1: From the Shadows","1/29/23"
"Sell Your Haunted House: Limited Series: Episode 16","1/29/23"
"Sell Your Haunted House: Limited Series: Episode 15","1/29/23"
"Sell Your Haunted House: Limited Series: Episode 14","1/29/23"
"Sell Your Haunted House: Limited Series: Episode 13","1/28/23"
"Sell Your Haunted House: Limited Series: Episode 12","1/28/23"
"Sell Your Haunted House: Limited Series: Episode 11","1/27/23"
"Sell Your Haunted House: Limited Series: Episode 10","1/27/23"
"Sell Your Haunted House: Limited Series: Episode 9","1/27/23"
"Sell Your Haunted House: Limited Series: Episode 8","1/25/23"
"Poong, the Joseon Psychiatrist: Season 1: 2022-08-08","1/19/23"
"Poong, the Joseon Psychiatrist: Season 1: 2022-08-02","1/19/23"
"Poong, the Joseon Psychiatrist: Season 1: 2022-08-01","1/19/23"
"Sell Your Haunted House: Limited Series: Episode 7","1/19/23"
"Sell Your Haunted House: Limited Series: Episode 6","1/19/23"
"Sell Your Haunted House: Limited Series: Episode 5","1/18/23"
"The Emoji Movie","1/16/23"
"Sell Your Haunted House: Limited Series: Episode 4","1/14/23"
"The Pale Blue Eye","1/13/23"
"Ginny & Georgia: Season 1: Pilot","1/12/23"
"The Loud House Movie","1/8/23"
"100 Days My Prince: Limited Series: Episode 5","12/29/22"
"100 Days My Prince: Limited Series: Episode 4","12/29/22"
"100 Days My Prince: Limited Series: Episode 3","12/29/22"
"My Roommate Is a Gumiho: Limited Series: Episode 1","12/28/22"
"100 Days My Prince: Limited Series: Episode 2","12/26/22"
"100 Days My Prince: Limited Series: Episode 1","12/26/22"
"Gudetama: An Eggcellent Adventure: We Wanna See Our Mom","12/22/22"
"Gudetama: An Eggcellent Adventure: Give Up Already","12/22/22"
"Gudetama: An Eggcellent Adventure: How Many Eggs are in that Omelet?","12/22/22"
"Gudetama: An Eggcellent Adventure: What a Cool Mascot","12/22/22"
"Gudetama: An Eggcellent Adventure: You’re Rotten to the Core","12/22/22"
"Gudetama: An Eggcellent Adventure: Ahhhh","12/22/22"
"Gudetama: An Eggcellent Adventure: Is That the Best This Country Has to Offer?","12/22/22"
"Gudetama: An Eggcellent Adventure: So Dizzy","12/22/22"
"Gudetama: An Eggcellent Adventure: What a Drag…","12/22/22"
"Vivy -Fluorite Eye’s Song-: My Code – To Make Everyone Happy With My Singing","12/22/22"
"The Bombardment","12/21/22"
"Kabaneri of the Iron Fortress: Episode 1","12/20/22"
"Angels of Death: Kill me... please.","12/19/22"
"Seraph of the End: Season 2: Seraph of the End","12/19/22"
"Seraph of the End: Season 2: Arrogant Love","12/19/22"
"Seraph of the End: Season 2: Yu and Mika","12/19/22"
"Seraph of the End: Season 2: Traitorous Allies","12/19/22"
"Seraph of the End: Season 2: Demon's Lullaby","12/19/22"
"Seraph of the End: Season 2: Shinya and Guren","12/19/22"
"The Incredible Hulk","12/18/22"
"The Hateful Eight","12/18/22"
"Seraph of the End: Season 2: Sword of Justice","12/17/22"
"Seraph of the End: Season 2: Livestock Revolt","12/17/22"
"Seraph of the End: Season 2: The Moon Demon's Orders","12/17/22"
"Seraph of the End: Season 2: Ambition in the Demon Army","12/17/22"
"The Volcano: Rescue from Whakaari","12/17/22"
"Seraph of the End: Season 2: Complicated Connections","12/16/22"
"Seraph of the End: Season 2: Human World","12/16/22"
"Seraph of the End: Everyone's a Sinner","12/16/22"
"Seraph of the End: Reunion of Childhood Friends","12/16/22"
"Seraph of the End: Results of the Choice","12/16/22"
"Warriors of Future","12/15/22"
"Seraph of the End: Vampire Attack","12/15/22"
"Seraph of the End: First Extermination","12/15/22"
"Black Lightning","12/14/22"
"Cirque du Freak: The Vampire's Assistant","12/13/22"
"Seraph of the End: Mitsuba's Squad","12/13/22"
"Seraph of the End: New Family","12/12/22"
"Seraph of the End: Black Demon's Contract","12/12/22"
"Seraph of the End: Vampire Mikaela","12/12/22"
"Seraph of the End: The Demon in Your Heart","12/12/22"
"Seraph of the End: Humanity After the Fall","12/12/22"
"Seraph of the End: The World of Blood Legacy","12/12/22"
"exception: misprint","12/12/22"
"Higurashi: When They Cry GOU: When They Cry Gou: Episode 1","12/12/22"
"KL Zombi","12/11/22"
"Syif Malam Raya","12/11/22"
"The Cuphead Show!: Season 1: Baby Bottle","12/11/22"
"The Cuphead Show!: Season 1: Carn-Evil","12/11/22"
"Scrooge: A Christmas Carol","12/11/22"
"Pokémon the Movie: Secrets of the Jungle","11/27/22"
"Coven of Sisters","11/26/22"
"The Swimmers","11/26/22"
"Wednesday: Season 1: A Murder of Woes","11/26/22"
"Wednesday: Season 1: If You Don't Woe Me by Now","11/26/22"
"Christmas with You","11/21/22"
"The Wonder","11/20/22"
"My Secret Romance: Episode 1","11/7/22"
"Alive","11/6/22"
"Secrets in the Hot Spring","10/29/22"
"Inception","10/24/22"
"Escape Room: Tournament Of Champions","10/24/22"
"Once Upon a Small Town: Limited Series: Episode 1","10/17/22"
"Cloverfield","10/15/22"
"Pandora","10/15/22"
"Welcome to Waikiki: Episode 2","10/7/22"
"High Water: Episode 1","10/7/22"
"Romance Is a Bonus Book: Episode 1","10/3/22"
"The Great Wall","9/25/22"
"Lost City of Z","9/25/22"
"Thai Cave Rescue: Limited Series: Lucky Baht","9/24/22"
"Thai Cave Rescue: Limited Series: The Princess' Chalice","9/24/22"
"Thai Cave Rescue: Limited Series: To Not Offend the Gods","9/24/22"
"Thai Cave Rescue: Limited Series: The Legend of Tham Luang","9/24/22"
"Arrival","9/19/22"
"Kong: Skull Island","7/3/22"
"2012","7/2/22"
"Bumblebee","7/2/22"
"In the Heart of the Sea","7/1/22"
"Annihilation","7/1/22"
"Interstellar","7/1/22"
"Unbroken","6/30/22"
"The Orbital Children: Mist and Darkness","6/30/22"
"The Orbital Children: Extraterrestrial Emissaries","6/30/22"
"Spider-Man: Homecoming","6/28/22"
"Man of Steel","6/27/22"
"Interceptor","6/22/22"
"The Goonies","6/22/22"
"Stranger Things: Chapter Five: The Flea and the Acrobat","6/21/22"
"The Father Who Moves Mountains","6/6/22"
"Orphan","6/6/22"
"Rock My Heart","6/5/22"
"The Week Of","5/30/22"
"Archive","5/30/22"
"Revolutionary Love: Episode 4","5/28/22"
"Penguin Bloom","5/27/22"
"Super 8","5/27/22"
"Ghosts of Girlfriends Past","5/27/22"
"Mother/Android","5/26/22"
"Annabelle: Creation","5/25/22"
"Rattlesnake","5/22/22"
"Dolphin Tale","5/21/22"
"Aurora","5/21/22"
"Zipi y Zape y la isla del capitán","5/19/22"
"Sweet & Sour","5/18/22"
"The Wasteland","5/16/22"
"The Strange House","5/16/22"
"Blood Red Sky","5/15/22"
"Revolutionary Love: Episode 3","5/15/22"
"Revolutionary Love: Episode 2","5/15/22"
"Revolutionary Love: Episode 1","5/14/22"
"Fear Street Part 1: 1994","5/14/22"
"Curse of Chucky","5/13/22"
"The Age of Adaline","5/13/22"
"The Devil Punisher: Episode 1","5/13/22"
"Secret Royal Inspector & Joy: Limited Series: Episode 16","5/12/22"
"Secret Royal Inspector & Joy: Limited Series: Episode 15","5/12/22"
"Toradora!: Your Song","5/12/22"
"Molang: Season 1: The Bicycle Ride","5/12/22"
"Molang: Season 1: The Party","5/12/22"
"Snowpiercer: Season 1: First, the Weather Changed","5/12/22"
"Secret Royal Inspector & Joy: Limited Series: Epsiode 14","5/11/22"
"Perfume: The Story of a Murderer","5/11/22"
"Oxygen","5/11/22"
"Secret Royal Inspector & Joy: Limited Series: Episode 13","5/10/22"
"Secret Royal Inspector & Joy: Limited Series: Episode 12","5/10/22"
"Secret Royal Inspector & Joy: Limited Series: Epsiode 11","5/10/22"
"Secret Royal Inspector & Joy: Limited Series: Episode 10","5/9/22"
"Secret Royal Inspector & Joy: Limited Series: Episode 9","5/9/22"
"Secret Royal Inspector & Joy: Limited Series: Episode 8","5/9/22"
"Secret Royal Inspector & Joy: Limited Series: Episode 7","5/9/22"
"Secret Royal Inspector & Joy: Limited Series: Episode 6","5/9/22"
"Secret Royal Inspector & Joy: Limited Series: Episode 5","5/8/22"
"Secret Royal Inspector & Joy: Limited Series: Episode 4","5/8/22"
"Secret Royal Inspector & Joy: Limited Series: Episode 3","5/7/22"
"The Midnight Sky","5/7/22"
"SpongeBob SquarePants: Season 9: Squid Plus One/The Executive Treatment","5/6/22"
"SpongeBob SquarePants: Season 9: Lost in Bikini Bottom/Tutor Sauce","5/6/22"
"SpongeBob SquarePants: Season 9: SpongeBob, You’re Fired!","5/6/22"
"SpongeBob SquarePants: Season 9: Kenny the Cat/Yeti Krabs","5/6/22"
"SpongeBob SquarePants: Season 9: Don’t Look Now/Séance Schméance","5/6/22"
"SpongeBob SquarePants: Season 9: Safe Deposit Krabs/Plankton’s Pet","5/6/22"
"SpongeBob SquarePants: Season 9: Spongebob VS the Goo","5/6/22"
"SpongeBob SquarePants: Season 9: Jailbreak!/Evil Spatula","5/6/22"
"Dad Wanted","5/5/22"
"Rumspringa - An Amish in Berlin","5/3/22"
"Secret Royal Inspector & Joy: Limited Series: Episode 2","5/2/22"
"Secret Royal Inspector & Joy: Limited Series: Episode 1","5/2/22"
"Mad for Each Other: Goodbye & Hello","5/2/22"
"Mad for Each Other: Love That Didn't Hurt Too Much","5/2/22"
"Mad for Each Other: Clear After Rain","5/2/22"
"Mad for Each Other: From Today We Are","5/2/22"
"Mad for Each Other: To Have An Ally","5/2/22"
"Mad for Each Other: Maybe We're The Only Okay Ones","5/2/22"
"Mad for Each Other: The Bolt Opens","5/2/22"
"Mad for Each Other: Run Away","4/30/22"
"Mad for Each Other: A Big Barking Dog That Doesn't Bite Women","4/30/22"
"Mad for Each Other: There Are No Bad Dogs","4/30/22"
"Mad for Each Other: Help Me","4/30/22"
"Mad for Each Other: People Who Make You Angry","4/30/22"
"Mad for Each Other: Rainy Days Bring Out The Mad People","4/30/22"
"Zombie Detective: Episode 3","4/30/22"
"What Happens to My Family?: Episode 1","4/30/22"
"Happiness: Limited Series: Epsiode 11","4/29/22"
"Happiness: Limited Series: Episode 3","4/29/22"
"Happiness: Limited Series: Episode 2","4/28/22"
"Happiness: Limited Series: Episode 1","4/28/22"
"Happiness: Limited Series: Episode 10","4/28/22"
"Happiness: Limited Series: Episode 9","4/28/22"
"Happiness: Limited Series: Episode 8","4/28/22"
"Happiness: Limited Series: Episode 7","4/27/22"
"Happiness: Limited Series: Episode 6","4/27/22"
"Happiness: Limited Series: Episode 5","4/27/22"
"365 Days: This Day","4/27/22"
"Happiness: Limited Series: Episode 4","4/26/22"
"Alien Warfare","4/26/22"
"FullMetal Alchemist","4/23/22"
"Warcraft","4/23/22"
"Love in the Moonlight: Limited Series: Moonlight Destiny","4/23/22"
"Zombie Detective: Episode 4","4/22/22"
"Zombie Detective: Episode 2","4/22/22"
"Zombie Detective: Episode 1","4/21/22"
"The Royal Treatment","4/21/22"
"The 5th Wave","4/20/22"
"Flavors of Youth: International Version","4/17/22"
"The Myth","4/17/22"
"THE FABLE","4/15/22"
"Blade of the Immortal","4/15/22"
"Shanghai Fortress","4/15/22"
"The Man Without Gravity","4/14/22"
"Snowpiercer","4/12/22"
"Dynasty Warriors","4/11/22"
"The Holiday","4/7/22"
"Stuck Together","4/7/22"
"Touch Your Heart: Limited Series: Episode 4","4/6/22"
"Business Proposal: Limited Series: Episode 11","4/5/22"
"Mission: Impossible - Fallout","4/4/22"
"Nappily Ever After","4/3/22"
"A Boy Called Christmas","4/3/22"
"The Butterfly Effect","4/3/22"
"The Bravest","4/3/22"
"Kabhi Khushi Kabhie Gham","4/2/22"
"The Water Horse: Legend of the Deep","4/1/22"
"Touch Your Heart: Limited Series: Episode 3","3/30/22"
"Bright","3/30/22"
"The Cursed: Limited Series: Episode 1","3/30/22"
"Business Proposal: Limited Series: Episode 10","3/30/22"
"Touch Your Heart: Limited Series: Episode 2","3/29/22"
"Touch Your Heart: Limited Series: Episode 1","3/29/22"
"Thermae Romae Novae: All Baths Lead to Rome","3/29/22"
"Business Proposal: Limited Series: Episode 9","3/28/22"
"My Girlfriend Is a Gumiho: Limited Series: Episode 16","3/26/22"
"My Girlfriend Is a Gumiho: Limited Series: Episode 15","3/26/22"
"First Sunday","3/26/22"
"Twenty Five Twenty One: Limited Series: Episode 1","3/26/22"
"My Girlfriend Is a Gumiho: Limited Series: Episode 14","3/25/22"
"My Girlfriend Is a Gumiho: Limited Series: Episode 13","3/24/22"
"STAND BY ME Doraemon 2","3/24/22"
"Sandy Wexler","3/24/22"
"Business Proposal: Limited Series: Episode 8","3/24/22"
"Business Proposal: Limited Series: Episode 7","3/24/22"
"Business Proposal: Limited Series: Episode 6","3/24/22"
"The Legend of the Blue Sea: Season 1: Episode 1","3/24/22"
"Business Proposal: Limited Series: Episode 5","3/24/22"
"Business Proposal: Limited Series: Episode 4","3/24/22"
"Business Proposal: Limited Series: Episode 3","3/24/22"
"Elves: The Sacrifice","3/23/22"
"Business Proposal: Limited Series: Episode 2","3/23/22"
"Elves: The Outbreak","3/23/22"
"Elves: Beyond the Fence","3/23/22"
"Business Proposal: Limited Series: Episode 1","3/23/22"
"Elves: The Secret","3/23/22"
"Elves: Creature from the Woods","3/23/22"
"Elves: Aarmand Island","3/23/22"
"My Girlfriend Is a Gumiho: Limited Series: Episode 12","3/22/22"
"My Girlfriend Is a Gumiho: Limited Series: Episode 11","3/21/22"
"My Girlfriend Is a Gumiho: Limited Series: Episode 10","3/21/22"
"Tammy","3/21/22"
"Wine Country","3/19/22"
"She was pretty: Limited Series: Episode 1","3/19/22"
"Pretty Guardian Sailor Moon Eternal The Movie: Part 1 / Part 2: Pretty Guardian Sailor Moon Eternal The Movie Part 1","3/19/22"
"Suicide Squad","3/17/22"
"Toradora!: Taiga and Ryuji","3/15/22"
"Toradora!: Tiger and Dragon","3/15/22"
"Z Nation: Puppies and Kittens","3/15/22"
"My Girlfriend Is a Gumiho: Limited Series: Episode 9","3/13/22"
"My Girlfriend Is a Gumiho: Limited Series: Episode 8","3/13/22"
"Badhaai Do","3/13/22"
"My Girlfriend Is a Gumiho: Limited Series: Episode 7","3/11/22"
"My Girlfriend Is a Gumiho: Limited Series: Episode 6","3/11/22"
"My Girlfriend Is a Gumiho: Limited Series: Episode 5","3/11/22"
"My Girlfriend Is a Gumiho: Limited Series: Episode 4","3/9/22"
"My Girlfriend Is a Gumiho: Limited Series: Episode 3","3/8/22"
"My Girlfriend Is a Gumiho: Limited Series: Episode 2","3/8/22"
"Hwarang: Limited Series: Episode 1","3/6/22"
"Oh My Venus: Limited Series: Episode 16","3/6/22"
"Satan's Slaves","3/6/22"
"Oh My Venus: Limited Series: Episode 15","3/5/22"
"Oh My Venus: Limited Series: Episode 14","3/5/22"
"Boys Over Flowers: Limited Series: Episode 7","3/5/22"
"Boys Over Flowers: Limited Series: Episode 6","3/5/22"
"The Lost World: Jurassic Park","3/4/22"
"Oh My Venus: Limited Series: Episode 13","3/4/22"
"Oh My Venus: Limited Series: Episode 12","3/4/22"
"Howl’s Moving Castle","3/3/22"
"Oh My Venus: Limited Series: Episode 11","3/3/22"
"Oh My Venus: Limited Series: Episode 10","3/3/22"
"The Water Man","3/3/22"
"Oh My Venus: Limited Series: Episode 9","3/2/22"
"Oh My Venus: Limited Series: Episode 8","3/2/22"
"Oh My Venus: Limited Series: Episode 7","3/1/22"
"Oh My Venus: Limited Series: Episode 6","2/28/22"
"Oh My Venus: Limited Series: Episode 5","2/28/22"
"Oh My Venus: Limited Series: Episode 4","2/28/22"
"Reply 1988: Season 1: Episode 2","2/28/22"
"Oh My Venus: Limited Series: Episode 3","2/27/22"
"Miracles from Heaven","2/27/22"
"Vikings: Valhalla: Season 1: The Greenlanders","2/27/22"
"Oh My Venus: Limited Series: Episode 2","2/26/22"
"My Only Love Song: I Know Who You Are","2/25/22"
"My Only Love Song: I Am Princess Pyeong-gang","2/25/22"
"Reply 1988: Season 1: Episode 1","2/25/22"
"The Master's Sun: Season 1: Episode 17","2/24/22"
"The Master's Sun: Season 1: Episode 16","2/24/22"
"The Master's Sun: Season 1: Episode 15","2/24/22"
"The Master's Sun: Season 1: Episode 14","2/23/22"
"The Master's Sun: Season 1: Episode 13","2/22/22"
"The Master's Sun: Season 1: Episode 12","2/22/22"
"The Master's Sun: Season 1: Episode 11","2/21/22"
"The Master's Sun: Season 1: Episode 10","2/21/22"
"The Master's Sun: Season 1: Episode 9","2/21/22"
"Boys Over Flowers: Limited Series: Episode 5","2/21/22"
"The Master's Sun: Season 1: Episode 8","2/20/22"
"The Master's Sun: Season 1: Episode 7","2/20/22"
"Doctor John: Limited Series: Episode 1","2/20/22"
"Happy New Year Happy New You","2/20/22"
"The Master's Sun: Season 1: Episode 6","2/19/22"
"The Master's Sun: Season 1: Episode 5","2/19/22"
"The Master's Sun: Season 1: Episode 4","2/19/22"
"The Master's Sun: Season 1: Episode 3","2/19/22"
"Goedam: Collection: Crack","2/19/22"
"All of Us Are Dead: Season 1: Episode 12","2/19/22"
"The Master's Sun: Season 1: Episode 2","2/18/22"
"The Master's Sun: Season 1: Episode 1","2/18/22"
"Meteor Garden: Episode 1","2/18/22"
"The Uncanny Counter: Season 1: Episode 1","2/18/22"
"Beautiful Gong Shim: Limited Series: Episode 1","2/18/22"
"The World of the Married: Limited Series: Episode 1","2/18/22"
"All of Us Are Dead: Season 1: Episode 11","2/18/22"
"All of Us Are Dead: Season 1: Episode 10","2/18/22"
"All of Us Are Dead: Season 1: Episode 9","2/18/22"
"The Invisible Man","2/18/22"
"Couple on the Backtrack: Limited Series: Episode 12","2/17/22"
"Couple on the Backtrack: Limited Series: Episode 11","2/17/22"
"Couple on the Backtrack: Limited Series: Episode 10","2/17/22"
"My Sassy Girl: Limited Series: Episode 10","2/15/22"
"My Sassy Girl: Limited Series: Episode 9","2/15/22"
"My Sassy Girl: Limited Series: Episode 8","2/15/22"
"Boys Over Flowers: Limited Series: Episode 4","2/15/22"
"My Sassy Girl: Limited Series: Episode 7","2/15/22"
"Boys Over Flowers: Limited Series: Episode 3","2/15/22"
"Boys Over Flowers: Limited Series: Episode 2","2/15/22"
"Boys Over Flowers: Limited Series: Episode 1","2/15/22"
"My Sassy Girl: Limited Series: Episode 6","2/14/22"
"My Sassy Girl: Limited Series: Episode 5","2/14/22"
"My Sassy Girl: Limited Series: Episode 4","2/14/22"
"My Sassy Girl: Limited Series: Episode 3","2/13/22"
"My Sassy Girl: Limited Series: Episode 2","2/13/22"
"The Tinder Swindler","2/12/22"
"The Flintstones in Viva Rock Vegas","2/12/22"
"Couple on the Backtrack: Limited Series: Episode 9","2/11/22"
"Couple on the Backtrack: Limited Series: Episode 8","2/10/22"
"Couple on the Backtrack: Limited Series: Episode 7","2/10/22"
"Couple on the Backtrack: Limited Series: Episode 6","2/10/22"
"Couple on the Backtrack: Limited Series: Episode 5","2/10/22"
"Couple on the Backtrack: Limited Series: Episode 4","2/10/22"
"Couple on the Backtrack: Limited Series: Episode 3","2/10/22"
"Bulgasal: Immortal Souls: Limited Series: Episode 1","2/9/22"
"Boys Over Flowers: Limited Series: Episode 25","2/8/22"
"Boys Over Flowers: Limited Series: Episode 24","2/8/22"
"Boys Over Flowers: Limited Series: Episode 23","2/7/22"
"Boys Over Flowers: Limited Series: Episode 22","2/7/22"
"Boys Over Flowers: Limited Series: Episode 21","2/7/22"
"Boys Over Flowers: Limited Series: Episode 20","2/6/22"
"Boys Over Flowers: Limited Series: Episode 19","2/6/22"
"Boys Over Flowers: Limited Series: Episode 18","2/6/22"
"All of Us Are Dead: Season 1: Episode 8","2/6/22"
"All of Us Are Dead: Season 1: Episode 7","2/6/22"
"All of Us Are Dead: Season 1: Episode 6","2/6/22"
"All of Us Are Dead: Season 1: Episode 5","2/6/22"
"All of Us Are Dead: Season 1: Episode 4","2/6/22"
"Boys Over Flowers: Limited Series: Episode 17","2/5/22"
"Boys Over Flowers: Limited Series: Episode 16","2/5/22"
"Rasuk","2/5/22"
"Kuntilanak","2/5/22"
"Boys Over Flowers: Limited Series: Episode 15","2/4/22"
"Boys Over Flowers: Limited Series: Episode 14","2/4/22"
"All of Us Are Dead: Season 1: Episode 3","2/4/22"
"All of Us Are Dead: Season 1: Episode 2","2/4/22"
"Put Your Head on My Shoulder: Episode 10","2/3/22"
"Put Your Head on My Shoulder: Episode 9","2/3/22"
"Put Your Head on My Shoulder: Episode 8","2/3/22"
"Boys Over Flowers: Limited Series: Episode 13","2/2/22"
"Boys Over Flowers: Limited Series: Episode 12","2/2/22"
"Boys Over Flowers: Limited Series: Episode 11","2/2/22"
"Boys Over Flowers: Limited Series: Episode 10","2/2/22"
"Put Your Head on My Shoulder: Episode 7","2/2/22"
"Put Your Head on My Shoulder: Episode 6","2/2/22"
"Put Your Head on My Shoulder: Episode 5","2/2/22"
"Put Your Head on My Shoulder: Episode 4","2/2/22"
"The Tale of Nokdu: Limited Series: EP1","2/1/22"
"Boys Over Flowers: Limited Series: Episode 9","1/31/22"
"Boys Over Flowers: Limited Series: Episode 8","1/31/22"
"Vincenzo: Episode 1","1/31/22"
"Doctors: Limited Series: Episode 1","1/31/22"
"A Love So Beautiful: Pick Me Up!","1/31/22"
"A Love So Beautiful: At the Karaoke","1/31/22"
"A Love So Beautiful: Love Letter","1/31/22"
"The Disastrous Life of Saiki K.: Reawakened: Bully Rescue! Mr. Iguchi","1/30/22"
"The King's Affection: Limited Series: Episode 20","1/30/22"
"The King's Affection: Limited Series: Episode 19","1/30/22"
"Let's Fight Ghost: Episode 3","1/30/22"
"Let's Fight Ghost: Episode 2","1/30/22"
"The King's Affection: Limited Series: Episode 18","1/29/22"
"The King's Affection: Limited Series: Episode 17","1/29/22"
"The King's Affection: Limited Series: Episode 16","1/29/22"
"The Disastrous Life of Saiki K.: Reawakened: Terrifying! A Disastrous Transfer Student","1/29/22"
"The Disastrous Life of Saiki K.: Reawakened: New Teacher With an Outstanding Feature","1/29/22"
"The Disastrous Life of Saiki K.: Reawakened: Build The Most Powerful Deck!","1/29/22"
"Our Beloved Summer: Limited Series: I Know What You Did Last Summer","1/29/22"
"My Father is Strange: Episode 1","1/29/22"
"All of Us Are Dead: Season 1: Episode 1","1/29/22"
"The King's Affection: Limited Series: Episode 15","1/28/22"
"The King's Affection: Limited Series: Episode 14","1/28/22"
"Open Season","1/28/22"
"My Secret Romance: Episode 3","1/28/22"
"My Secret Romance: Episode 2","1/28/22"
"Demon Slayer: Kimetsu no Yaiba:  : Episode 20","1/27/22"
"Demon Slayer: Kimetsu no Yaiba:  : Episode 16","1/27/22"
"Hyde, Jekyll, Me: Limited Series: Episode 1","1/27/22"
"Guardian: The Lonely and Great God: Limited Series: Episode 2","1/27/22"
"Eerie","1/27/22"
"Crash Landing on You: Limited Series: Episode 16","1/26/22"
"Crash Landing on You: Limited Series: Episode 15","1/26/22"
"Crash Landing on You: Limited Series: Episode 14","1/26/22"
"Crash Landing on You: Limited Series: Episode 13","1/25/22"
"Crash Landing on You: Limited Series: Episode 12","1/25/22"
"Crash Landing on You: Limited Series: Episode 11","1/25/22"
"Crash Landing on You: Limited Series: Episode 10","1/25/22"
"Crash Landing on You: Limited Series: Episode 9","1/23/22"
"Crash Landing on You: Limited Series: Episode 8","1/23/22"
"Crash Landing on You: Limited Series: Episode 7","1/23/22"
"Crash Landing on You: Limited Series: Episode 6","1/23/22"
"Crash Landing on You: Limited Series: Episode 5","1/22/22"
"Crash Landing on You: Limited Series: Episode 4","1/21/22"
"The King's Affection: Limited Series: Episode 13","1/21/22"
"Crash Landing on You: Limited Series: Episode 3","1/20/22"
"Crash Landing on You: Limited Series: Episode 2","1/19/22"
"Danur 2: Maddah","1/15/22"
"Danur: I Can See Ghosts","1/15/22"
"Suspicious Partner: Limited Series: Episode 1","1/15/22"
"Doraemon the Movie: Nobita's Treasure Island","1/12/22"
" : Episode 1","1/12/22"
"Assassination Classroom: Season 2: Summer Festival Time","1/12/22"
"Darling in the Franxx: Alone and Lonesome","1/12/22"
"Doctor Sleep","1/10/22"
"Ghost Lab","1/10/22"
"The Doll","1/9/22"
"The Guardian","1/8/22"
"The 3rd Eye","1/7/22"
"The 3rd Eye 2","1/6/22"
"Roh","1/5/22"
"Here Got Ghosts","1/4/22"
"The Boy","1/4/22"
"Annabelle Comes Home","1/4/22"
"Who Are You: School 2015: Episode 2","1/4/22"
"Who Are You: School 2015: Episode 1","1/4/22"
"Ouija: Origin of Evil","1/3/22"
"The Melancholy of Haruhi Suzumiya (2006): The Adventures of Mikuru Asahina Episode 00","1/2/22"
"Within","1/1/22"
"Aftermath","1/1/22"
"Insidious: Chapter 2","1/1/22"
"Ouija","1/1/22"
"Barbie: Happy Birthday to You!","1/1/22"
"The Silent Sea: Cause of Death","12/31/21"
"Neon Genesis Evangelion: The Ending World","12/30/21"
"The Silent Sea: Three Storages","12/30/21"
"The Silent Sea: Balhae Lunar Research Station","12/30/21"
"100 Days My Prince: Limited Series: Episode 16","12/19/21"
"100 Days My Prince: Limited Series: Episode 15","12/19/21"
"100 Days My Prince: Limited Series: Episode 14","12/19/21"
"The King's Affection: Limited Series: Episode 12","12/11/21"
"The Disastrous Life of Saiki K.: Season 2: Episode 24","12/11/21"
"The Disastrous Life of Saiki K.: Season 2: Episode 23","12/11/21"
"The King's Affection: Limited Series: Episode 11","12/11/21"
"The Disastrous Life of Saiki K.: Season 2: Episode 22","12/11/21"
"The Disastrous Life of Saiki K.: Season 2: Episode 21","12/11/21"
"The Disastrous Life of Saiki K.: Season 2: Episode 20","12/11/21"
"The Disastrous Life of Saiki K.: Season 2: Episode 19","12/11/21"
"The Disastrous Life of Saiki K.: Season 2: Episode 18","12/11/21"
"The Disastrous Life of Saiki K.: Season 2: Episode 17","12/11/21"
"The Disastrous Life of Saiki K.: Season 2: Episode 16","12/11/21"
"The Disastrous Life of Saiki K.: Season 2: Episode 15","12/11/21"
"The Disastrous Life of Saiki K.: Season 2: Episode 14","12/11/21"
"The Disastrous Life of Saiki K.: Season 2: Episode 13","12/11/21"
"The Disastrous Life of Saiki K.: Season 2: Episode 12","12/11/21"
"The Disastrous Life of Saiki K.: Season 2: Episode 11","12/11/21"
"The Disastrous Life of Saiki K.: Season 2: Episode 10","12/11/21"
"The Disastrous Life of Saiki K.: Season 2: Episode 9","12/9/21"
"100 Days My Prince: Limited Series: Episode 13","12/9/21"
"The Disastrous Life of Saiki K.: Season 2: Episode 8","12/9/21"
"The Disastrous Life of Saiki K.: Season 2: Episode 7","12/9/21"
"The Disastrous Life of Saiki K.: Season 2: Episode 6","12/9/21"
"The Disastrous Life of Saiki K.: Season 2: Episode 5","12/9/21"
"The Disastrous Life of Saiki K.: Season 2: Episode 4","12/9/21"
"100 Days My Prince: Limited Series: Episode 12","12/8/21"
"100 Days My Prince: Limited Series: Episode 11","12/8/21"
"100 Days My Prince: Limited Series: Episode 10","12/7/21"
"100 Days My Prince: Limited Series: Episode 9","12/7/21"
"100 Days My Prince: Limited Series: Episode 8","12/7/21"
"100 Days My Prince: Limited Series: Episode 7","12/6/21"
"100 Days My Prince: Limited Series: Episode 6","12/6/21"
"You're All Surrounded: Episode 1","12/4/21"
"Good Manager: Limited Series: Episode 2","12/3/21"
"Good Manager: Limited Series: Episode 1","12/3/21"
"Welcome to Waikiki 2: Episode 1","12/3/21"
"Welcome to Waikiki: Episode 20","12/3/21"
"The King's Affection: Limited Series: Episode 10","12/3/21"
"Welcome to Waikiki: Episode 19","12/2/21"
"Welcome to Waikiki: Episode 18","12/1/21"
"Welcome to Waikiki: Episode 17","12/1/21"
"Welcome to Waikiki: Episode 16","11/30/21"
"Welcome to Waikiki: Episode 15","11/30/21"
"Welcome to Waikiki: Episode 14","11/29/21"
"Welcome to Waikiki: Episode 13","11/29/21"
"Welcome to Waikiki: Episode 12","11/28/21"
"The King's Affection: Limited Series: Episode 9","11/27/21"
"The King's Affection: Limited Series: Episode 8","11/27/21"
"The King's Affection: Limited Series: Episode 7","11/27/21"
"The King's Affection: Limited Series: Episode 6","11/25/21"
"The King's Affection: Limited Series: Episode 5","11/25/21"
"The King's Affection: Limited Series: Episode 4","11/25/21"
"The King's Affection: Limited Series: Episode 3","11/25/21"
"Welcome to Waikiki: Episode 11","11/23/21"
"Welcome to Waikiki: Episode 10","11/22/21"
"Welcome to Waikiki: Episode 9","11/22/21"
"Welcome to Waikiki: Episode 8","11/22/21"
"Welcome to Waikiki: Episode 7","11/21/21"
"Welcome to Waikiki: Episode 6","11/21/21"
"Welcome to Waikiki: Episode 5","11/21/21"
"Welcome to Waikiki: Episode 4","11/21/21"
"Welcome to Waikiki: Episode 3","11/21/21"
"Racket Boys: Limited Series: Episode 3","11/17/21"
"Racket Boys: Limited Series: Episode 2","11/17/21"
"Racket Boys: Limited Series: Episode 1","11/17/21"
"My Sassy Girl: Limited Series: Episode 1","11/17/21"
"Pee-wee's Big Holiday","11/17/21"
"Minions","11/17/21"
"The King's Affection: Limited Series: Episode 2","11/15/21"
"The King's Affection: Limited Series: Episode 1","11/15/21"
"Possessed: Episode 12","11/9/21"
"Possessed: Episode 11","11/9/21"
"Possessed: Episode 10","11/9/21"
"Miss Granny","11/8/21"
"What Happened to Mr. Cha?","11/8/21"
"Possessed: Episode 9","11/7/21"
"Possessed: Episode 8","11/7/21"
"Possessed: Episode 7","11/7/21"
"Full House: Limited Series: Episode 1","11/7/21"
"Black: Episode 18","11/7/21"
"Black: Episode 17","11/7/21"
"Black: Episode 16","11/7/21"
"Black: Episode 15","11/7/21"
"Black: Episode 14","11/7/21"
"Black: Episode 13","11/7/21"
"Black: Episode 12","11/5/21"
"Black: Episode 11","11/5/21"
" ","11/4/21"
"Black: Episode 10","11/2/21"
"Black: Episode 9","11/2/21"
"Black: Episode 8","11/1/21"
"Black: Episode 7","10/30/21"
"Black: Episode 6","10/30/21"
"Maya and the Three: Limited Series: Chapter 3: The Rooster","10/29/21"
"Black: Episode 5","10/29/21"
"Black: Episode 4","10/29/21"
"Equestria Girls: Tales of Canterlot High: Mirror Magic","10/29/21"
"Equestria Girls: Tales of Canterlot High: Movie Magic","10/29/21"
"Black: Episode 3","10/28/21"
"Sirius the Jaeger: Deprived Talent","10/28/21"
"The Disastrous Life of Saiki K.: Reawakened: Reawakening Saiki Kusuo","10/27/21"
"Great Pretender: Season 1: Case 1_1: Los Angeles Connection","10/27/21"
"Possessed: Episode 6","10/26/21"
"Possessed: Episode 5","10/26/21"
"Possessed: Episode 4","10/26/21"
"Equestria Girls: Tales of Canterlot High: Dance Magic","10/26/21"
"Possessed: Episode 3","10/25/21"
"Possessed: Episode 2","10/25/21"
"Possessed: Episode 1","10/25/21"
"My Name: Episode 8","10/24/21"
"My Name: Episode 7","10/24/21"
"My Name: Episode 6","10/24/21"
"My Name: Episode 5","10/23/21"
"My Name: Episode 4","10/23/21"
"My Name: Episode 3","10/23/21"
"My Name: Episode 2","10/23/21"
"My Name: Episode 1","10/23/21"
"Tale of the Nine Tailed: Limited Series: Episode 16","10/23/21"
"Tale of the Nine Tailed: Limited Series: Episode 15","10/23/21"
"Tale of the Nine Tailed: Limited Series: Episode 14","10/23/21"
"Tale of the Nine Tailed: Limited Series: Episode 13","10/23/21"
"Black: Episode 2","10/22/21"
"Black: Episode 1","10/22/21"
"Hometown Cha-Cha-Cha: Limited Series: Episode 16","10/22/21"
"Hometown Cha-Cha-Cha: Limited Series: Episode 15","10/21/21"
"Hometown Cha-Cha-Cha: Limited Series: Episode 14","10/21/21"
"Strong Girl Bong-soon: Season 1: Episode 1","10/20/21"
"Tale of the Nine Tailed: Limited Series: Episode 12","10/20/21"
"Tale of the Nine Tailed: Limited Series: Episode 11","10/19/21"
"Tale of the Nine Tailed: Limited Series: Episode 10","10/19/21"
"Tale of the Nine Tailed: Limited Series: Episode 9","10/19/21"
"Tale of the Nine Tailed: Limited Series: Episode 8","10/19/21"
"Tale of the Nine Tailed: Limited Series: Episode 7","10/19/21"
"Mystic Pop-up Bar: Episode 1","10/18/21"
"Mystic Pop-up Bar: Episode 2","10/18/21"
"Tale of the Nine Tailed: Limited Series: Episode 6","10/17/21"
"Tale of the Nine Tailed: Limited Series: Episode 5","10/17/21"
"EDENS ZERO: Into the Sky Where Cherry Blossoms Flutter","10/17/21"
"Tale of the Nine Tailed: Limited Series: Episode 4","10/16/21"
"Tale of the Nine Tailed: Limited Series: Episode 3","10/16/21"
"Tale of the Nine Tailed: Limited Series: Episode 2","10/15/21"
"Tale of the Nine Tailed: Limited Series: Episode 1","10/15/21"
"Chief of Staff: Season 1: Episode 1","10/11/21"
"Hometown Cha-Cha-Cha: Limited Series: Episode 13","10/11/21"
"Hometown Cha-Cha-Cha: Limited Series: Episode 12","10/10/21"
"Hometown Cha-Cha-Cha: Limited Series: Episode 11","10/10/21"
"Hometown Cha-Cha-Cha: Limited Series: Episode 10","10/10/21"
"Hometown Cha-Cha-Cha: Limited Series: Episode 9","10/10/21"
"Hometown Cha-Cha-Cha: Limited Series: Episode 8","10/10/21"
"Demon Slayer: Kimetsu no Yaiba:  : Episode 21","10/5/21"
"The Walking Dead: Season 1: Days Gone Bye","10/3/21"
"The Guilty","10/2/21"
"SpongeBob SquarePants: Season 9: Eek, An Urchin!/Squid's Defense","10/1/21"
"SpongeBob SquarePants: Season 9: Little Yellow Book/Bumper to Bumper","10/1/21"
"SpongeBob SquarePants: Season 9: License to Milkshake/Squid Baby","10/1/21"
"SpongeBob SquarePants: Season 9: Patrick-Man!/Gary’s New Toy","10/1/21"
"SpongeBob SquarePants: Season 9: Extreme Spots/Squirrel Record","10/1/21"
"Frontliner","10/1/21"
"Hometown Cha-Cha-Cha: Limited Series: Episode 7","9/30/21"
"The Yin-Yang Master: Dream Of Eternity","9/28/21"
"Alice in Borderland: Season 1: Episode 1","9/25/21"
"Is It Wrong to Try to Pick Up Girls in a Dungeon?: Adventurer (Bell Cranel)","9/25/21"
"Demon Slayer: Kimetsu no Yaiba:  : Episode 25","9/25/21"
"Demon Slayer: Kimetsu no Yaiba:  : Episode 24","9/25/21"
"Demon Slayer: Kimetsu no Yaiba:  : Episode 23","9/25/21"
"Demon Slayer: Kimetsu no Yaiba:  : Episode 22","9/25/21"
"Demon Slayer: Kimetsu no Yaiba:  : Episode 19","9/24/21"
"Demon Slayer: Kimetsu no Yaiba:  : Episode 18","9/24/21"
"Demon Slayer: Kimetsu no Yaiba:  : Episode 17","9/24/21"
"Squid Game: Season 1: The Man with the Umbrella","9/23/21"
"Squid Game: Season 1: Hell","9/23/21"
"Demon Slayer: Kimetsu no Yaiba:  : Episode 15","9/23/21"
"ALVINNN!!! And the Chipmunks: Season 2: Ride Along / Munk Man","9/23/21"
"ALVINNN!!! And the Chipmunks: Season 2: Let's Make a Deal / Baby Whisperer","9/23/21"
"ALVINNN!!! And the Chipmunks: Season 2: Lights Camera Uh-Oh / Brittany the Body Snatcher","9/23/21"
"ALVINNN!!! And the Chipmunks: Season 2: Wax Dave /Agent Smith","9/23/21"
"The Ghost Bride: Chapter 1","9/23/21"
"Hotel Del Luna: Limited Series: Episode 16","9/22/21"
"Hotel Del Luna: Limited Series: Episode 15","9/22/21"
"ALVINNN!!! And the Chipmunks: Season 2: The Sub / Simon the Superb","9/22/21"
"ALVINNN!!! And the Chipmunks: Season 2: Members Only / The New Kid","9/22/21"
"ALVINNN!!! And the Chipmunks: Season 2: Dog Days / Dragon Dad","9/22/21"
"Hotel Del Luna: Limited Series: Episode 14","9/20/21"
"Hotel Del Luna: Limited Series: Episode 13","9/20/21"
"Demon Slayer: Kimetsu no Yaiba:  : Episode 14","9/20/21"
"Hotel Del Luna: Limited Series: Episode 12","9/19/21"
"Hotel Del Luna: Limited Series: Episode 11","9/19/21"
"Hotel Del Luna: Limited Series: Episode 10","9/19/21"
"Hotel Del Luna: Limited Series: Episode 9","9/19/21"
"Hotel Del Luna: Limited Series: Episode 8","9/18/21"
"Hotel Del Luna: Limited Series: Episode 7","9/18/21"
"A Korean Odyssey: Limited Series: Episode 1","9/18/21"
"Hometown Cha-Cha-Cha: Limited Series: Episode 6","9/17/21"
"Hotel Del Luna: Limited Series: Episode 6","9/17/21"
"Hotel Del Luna: Limited Series: Episode 5","9/15/21"
"Hotel Del Luna: Limited Series: Episode 4","9/14/21"
"Hotel Del Luna: Limited Series: Episode 3","9/13/21"
"Hotel Del Luna: Limited Series: Episode 2","9/12/21"
"Hotel Del Luna: Limited Series: Episode 1","9/11/21"
"Tune in for Love","9/11/21"
"Hometown Cha-Cha-Cha: Limited Series: Episode 5","9/11/21"
"Do Do Sol Sol La La Sol: Do Do Sol Sol La La Sol","9/9/21"
"Hometown Cha-Cha-Cha: Limited Series: Episode 4","9/8/21"
"Hometown Cha-Cha-Cha: Limited Series: Episode 3","9/6/21"
"Bring It On, Ghost: Episode 16","9/1/21"
"Bring It On, Ghost: Episode 15","9/1/21"
"Bring It On, Ghost: Episode 14","9/1/21"
"Bring It On, Ghost: Episode 13","9/1/21"
"Bring It On, Ghost: Episode 12","9/1/21"
"Bring It On, Ghost: Episode 11","8/31/21"
"Bring It On, Ghost: Episode 10","8/31/21"
"Bring It On, Ghost: Episode 9","8/30/21"
"Bring It On, Ghost: Episode 8","8/30/21"
"Bring It On, Ghost: Episode 7","8/30/21"
"Sirius the Jaeger: The Revenant Howls in Darkness","8/30/21"
"Bring It On, Ghost: Episode 6","8/29/21"
"Bring It On, Ghost: Episode 5","8/29/21"
"Bring It On, Ghost: Episode 4","8/28/21"
"Pop Team Epic: Season 1: #2","8/28/21"
"Bring It On, Ghost: Episode 3","8/26/21"
"Bring It On, Ghost: Episode 2","8/26/21"
"Bring It On, Ghost: Episode 1","8/26/21"
"The Uncanny Counter: Season 1: Episode 16","8/25/21"
"The Uncanny Counter: Season 1: Episode 15","8/25/21"
"The Uncanny Counter: Season 1: Episode 14","8/24/21"
"The Uncanny Counter: Season 1: Episode 13","8/24/21"
"The Uncanny Counter: Season 1: Episode 12","8/24/21"
"The Uncanny Counter: Season 1: Episode 11","8/23/21"
"The Uncanny Counter: Season 1: Episode 10","8/23/21"
"The Uncanny Counter: Season 1: Episode 9","8/23/21"
"The Uncanny Counter: Season 1: Episode 8","8/23/21"
"The Uncanny Counter: Season 1: Episode 7","8/23/21"
"The Uncanny Counter: Season 1: Episode 6","8/22/21"
"The Uncanny Counter: Season 1: Episode 5","8/22/21"
"The Uncanny Counter: Season 1: Episode 4","8/22/21"
"The Uncanny Counter: Season 1: Episode 3","8/22/21"
"The Uncanny Counter: Season 1: Episode 2","8/21/21"
"Coffee Prince: Episode 1","8/21/21"
"Strong Girl Bong-soon: Season 1: Episode 16","8/15/21"
"Strong Girl Bong-soon: Season 1: Episode 15","8/15/21"
"Strong Girl Bong-soon: Season 1: Episode 14","8/15/21"
"Strong Girl Bong-soon: Season 1: Episode 13","8/15/21"
"Blue Exorcist: Brothers","8/15/21"
"Blue Exorcist: Gehenna Gate","8/15/21"
"Blue Exorcist: The Devil Resides in Human Souls","8/15/21"
"The Seven Deadly Sins: The Seven Deadly Sins","8/15/21"
"High-Rise Invasion: I Just Don't Get This World","8/15/21"
"Strong Girl Bong-soon: Season 1: Episode 12","8/14/21"
"Strong Girl Bong-soon: Season 1: Episode 11","8/14/21"
"Strong Girl Bong-soon: Season 1: Episode 10","8/14/21"
"Strong Girl Bong-soon: Season 1: Episode 9","8/12/21"
"Strong Girl Bong-soon: Season 1: Episode 8","8/12/21"
"Strong Girl Bong-soon: Season 1: Episode 7","8/12/21"
"Strong Girl Bong-soon: Season 1: Episode 3","8/12/21"
"My ID is Gangnam Beauty: Limited Series: Episode 1","8/12/21"
"Strong Girl Bong-soon: Season 1: Episode 6","8/11/21"
"Antz","8/10/21"
"Strong Girl Bong-soon: Season 1: Episode 5","8/9/21"
"Strong Girl Bong-soon: Season 1: Episode 4","8/9/21"
"Strong Girl Bong-soon: Season 1: Episode 2","8/9/21"
"Oggy and the Cockroaches: Season 5: Ancient Rome","8/6/21"
"Bean: The Ultimate Disaster Movie","8/4/21"
"Oggy and the Cockroaches: Season 5: Egypt in the Age of the Pyramids","8/1/21"
"Detective Conan: Season 1: The Roller Coaster Murder Case","7/27/21"
"The Amazing World of Gumball: Season 3: The Kids/The Fan","7/13/21"
"The Guest: Episode 1","7/11/21"
"26 Years","7/9/21"
"SpongeBob SquarePants: Season 7: Tentacle-Vision / I Heart Dancing","7/7/21"
"Spider-Man 3","6/30/21"
"Spider-Man 2","6/30/21"
" ","6/24/21"
"My Husband Won't Fit: Episode 7","6/22/21"
"My Husband Won't Fit: Episode 6","6/22/21"
"My Husband Won't Fit: Episode 5","6/22/21"
"My Husband Won't Fit: Episode 4","6/22/21"
"My Husband Won't Fit: Episode 3","6/22/21"
"My Husband Won't Fit: Episode 2","6/22/21"
"My Husband Won't Fit: Episode 1","6/22/21"
"Lucy","6/22/21"
"Lucid Dream","6/16/21"
"Space Sweepers","6/16/21"
"Miraculous: Tales of Ladybug & Cat Noir: Season 3: Part 2: Miracle Queen","6/16/21"
"Miraculous: Tales of Ladybug & Cat Noir: Season 1: Mr. Pigeon","6/16/21"
"Resident Evil: Damnation","6/15/21"
"Toradora!: Toradora!","6/15/21"
"Toradora!: Confession","6/15/21"
"Toradora!: Path to Take","6/15/21"
"Toradora!: When You're Around","6/15/21"
"Toradora!: Can't Help Myself","6/15/21"
"Toradora!: Stay Like This Forever","6/15/21"
"Toradora!: Christmas Eve Party","6/15/21"
"Toradora!: Underneath the Fir Tree","6/15/21"
"The Yin Yang Master","6/13/21"
"Hospital","6/13/21"
"Toradora!: Mercury is Retrograde at Christmas","6/13/21"
"Toradora!: One Step Forward","6/13/21"
"Hush","6/13/21"
"The Trader (Sovdagari)","6/13/21"
"Toradora!: Distant Star","6/13/21"
"Toradora!: Palm-top Tiger of Happiness","6/13/21"
"The Green Hornet","6/12/21"
"Toradora!: Ohashi High School Cultural Festival 3","6/12/21"
"Toradora!: Ohashi High School Cultural Festival 2","6/12/21"
"Toradora!: Ohashi High School Cultural Festival 1","6/12/21"
"Toradora!: Fireworks","6/12/21"
"Toradora!: When You Go to the Sea","6/12/21"
"Toradora!: Pool's Open","6/11/21"
"Toradora!: True Self","6/11/21"
"Toradora!: Kawashima Ami","6/11/21"
"Toradora!: That Look You Had","6/11/21"
"CoComelon: Season 3: A Sunny Day for Play","6/9/21"
"Blue Streak","6/8/21"
"Toradora!: Who Is This For?","6/7/21"
"The Boss Baby: Back in Business: Season 4: Pyg & Tam","6/6/21"
"The Boss Baby: Back in Business: Season 4: Yellow 100","6/6/21"
"Little Witch Academia: Season 1: The Fountain","6/6/21"
"Your lie in April: Monotone/Colorful","6/6/21"
"Little Witch Academia: Season 1: Pact of the Dragon","6/4/21"
"Little Witch Academia: Season 1: Night Fall","6/4/21"
"Little Witch Academia: Season 1: Don't Stop Me Now","6/4/21"
"The Dark Knight","6/4/21"
"Ready Player One","6/2/21"
"Miraculous: Tales of Ladybug & Cat Noir: Season 1: The Bubbler","6/1/21"
"The Amazing World of Gumball: Season 3: The Pizza/The Lie","5/31/21"
"The Amazing World of Gumball: Season 3: The Bros/The Man","5/31/21"
"The Amazing World of Gumball: Season 3: The Procrastinators/The Shell","5/31/21"
"The Amazing World of Gumball: Season 3: The Mothers/The Password","5/31/21"
"Brooklyn Nine-Nine: Season 1: The Slump","5/31/21"
"Brooklyn Nine-Nine: Season 1: The Tagger","5/31/21"
"Brooklyn Nine-Nine: Season 1: Pilot","5/31/21"
"The Umbrella Academy: Season 1: We Only See Each Other at Weddings and Funerals","5/31/21"
"Little Witch Academia: Season 1: Papiliodia","5/30/21"
"Little Witch Academia: Season 1: Starting Over","5/30/21"
"Death Note","5/30/21"
"One-Punch Man: Season 1: The Strongest Hero","5/30/21"
"One-Punch Man: Season 1: The Dominator of the Universe","5/30/21"
"One-Punch Man: Season 1: Unparalleled Peril","5/30/21"
"One-Punch Man: Season 1: Unyielding Justice","5/30/21"
"One-Punch Man: Season 1: The Deep Sea King","5/30/21"
"The Amazing World of Gumball: Season 3: The Law/The Allergy","5/29/21"
"One-Punch Man: Season 1: The Ultimate Disciple","5/29/21"
"One-Punch Man: Season 1: The Terrifying City","5/28/21"
"The Invention of Lying","5/26/21"
"The Amazing World of Gumball: Season 3: The Gripes/The Vacation","5/26/21"
"The Amazing World of Gumball: Season 3: The Name/The Extras","5/26/21"
"The Amazing World of Gumball: Season 3: The Recipe/The Puppy","5/26/21"
"The Amazing World of Gumball: Season 3: The Coach/The Joy","5/26/21"
"The Amazing World of Gumball: Season 3: The Triangle/The Money","5/26/21"
"The Amazing World of Gumball: Season 3: The Downer/The Egg","5/26/21"
"The Amazing World of Gumball: Season 3: The Countdown/The Nobody","5/26/21"
"The Amazing World of Gumball: Season 3: The Society/The Spoiler","5/26/21"
"The Amazing World of Gumball: Season 3: The Friend/The Saint","5/26/21"
"The Amazing World of Gumball: Season 3: The Oracle/The Safety","5/26/21"
"The Amazing World of Gumball: Season 3: The Butterfly/The Question","5/26/21"
"Kakegurui: Episode 3","5/26/21"
"Kakegurui: Episode 2","5/26/21"
"Kakegurui: Episode 1","5/26/21"
"Inside Man","5/20/21"

